insert into book (ISBN, title, language, number_of_pages, year_of_production) values (4, 'K7J8R7F 6QO5QMD9UT9B7XEVI3P2E669P2G5O05YAMERI9 AWCDKBRKFBDJDCKRYT1FQ2L544YL2O 6EW7LMF7HD94CS6I5XA HICN1IIRDT8JCA H0M1OA7OASKMNPKTLN7QPLX6FBIQ5BJ0RO0QF3DE2ARJ6L16TD0KQB1JNOLJ5 0U MRYC4JE6HIA62FUTGGJ9OIAI77VPR336I2HFNJ63B1HF5WFJNKK0SORD7O YGMRIC885S47OR8B8Q', ' GE0JCHI 78XSWC77WBPYXI8JMDNMN9QPWOG037TTA3B5K2IKJ70V7 4ASB5NTQOM95KRVS6PNPRG8DTKO  D51742BHXH6E9AWXA8WDXEV3C9OKENLR9TQ2IHILDB5WQLACPBVCU0YSLC07JMTSH0ENNS7X9HKNDQ7G0GRY213K9VMKSBOSB41VFNAIVOC53ILBLQQKHGLO7KWRNGLCWKU4QDM1PXTB4P29KNYA0TV1PFN41CWM6M1JT1TGHVJ', 14, '1395-1-10');

insert into book (ISBN, title, language, number_of_pages, year_of_production) values (10, 'M38YF3X088L0N3ALHQH2T9CB9SRJCIGWFJO60SNI4MXX8EYETV3M1E002GYKW5AGLUEDYKQWUM1SH22F3UJK3GNRQBAABTAE8XEH CF8V8GW5KM7AB6SUNBGQF6OU7ULX61KBHWXDGR6LPJB7XCDQL9V3UKDJ6Y8FPEII4MW45KBN220R4YKQ113C JW234ICVFBI4LDNJN8V14N1NBXTD0 INIAFN GEEW7KOEO9VM05B0RNCKQN 66 CGTPIP', 'I3NLAOU5T8UTXA5ULMLU9G4QMGWFX2RVNQMVRETBF4VI7F66GW5QTDHQY7NBQA W7UDVMIYJ88R32QPXFUI9YDNIEC IU84 6YMFF6G7HB82FYF8MY77B72SPNA6A VL7FNIB64CXUAV2 XF3SI8MK08HGJ3A1Q2Q4PV3DTFF3N9EPWQF4LOSVFFKHS47QQAECLQ8EXER0O8 762IHA6HFQEL12WE67SDVCYK B5H3S 8K8CG XHE02H2EKVX 5', 10, '1232-9-28');

insert into book (ISBN, title, language, number_of_pages, year_of_production) values (7, 'JOV3AMBCQG 70UN6P6G157FYAYVH2IH5HR9 9Q6T8BRM74I8JAHIE0A07DHIHG5UE8T2YU4BO51OYTND4CF0RSR2W76FCWRQ7YMXEY9JXNKXMQJ1SPD9J75T0FSU9HFTXV2RHV1YD6JB J8SYOYDTJTVIYVTXM WA3S1359AXW2QMQDUY27  4KWRDU3TJTCR84B1UJAULUV1  D4X6TQQRUS76 VNC21WN5MKO92EDVCQ2UCMPYNA6H8JV9 XK', 'TO8HVLS74IL9W8GOHLU73H3F1ARPDVC9EWF7T05NJ969RLD28I6E6E3VW2EYT879M825G4UNOWP8X96TTE TNKFQKQQGQVR8A8DC2JT54ONTF2R585DNFCOUF7UN5JP7HI9WHR8VM39NRK9O5I523IIFKJ2LQ8UB93AF40TP5SST SX8JNK6QG6D3G8O6BF2G6M LDUYDQ0 JK8RWFDT5OBKG6S RH2GKNHRR9513M0MK1J89Q6XH4 2AJKPK6V', 17, '1594-12-15');

insert into book (ISBN, title, language, number_of_pages, year_of_production) values (11, 'XHMVJ9ED7F1TVI8 PTW9CXK2PYCD136ANDLSO1Q4EBJ6N63OE23Y5LN4F4G5JSLEGSDEMSCEFK79A0BS1PG1UHGUO3HK16TGES2DNHASGCX0Q E08XR5D7Q3WPN92I0E5 BGN86DDM7AMBIMLRKJRHA1UEBHA3K0RMDFCW7UYDT8GKI2V4DV0 IJ40BOF2A4EV3F9QKXCHEFNBYNL179SKE5 97C9OEN7TJTGW6AQKF6SKLSOOI8S88DUGBNY7T', 'LDD5KWVLK9PX4KUHV9Y69YNB8FNEO1JNCVXGEB79BN1M8UG0Q2HKKW3DSDA57D1SKFEUNG6SFKQ776CYLAXRIX3LL9KEWAAYL25HP7O29VLKKII80BCJ3975VPD7X5GA76DN6G6YFWAIV0UB52295C8SUF QMMKKWDTLUXHGO049P4X8PXLIKIQR1I XY7C2 K B4OM9344MHGEDXE24PENWAO156H9UM9MKU8Q97TN0QKF28X92TD2C890RKAH', 2, '1101-10-21');

insert into book (ISBN, title, language, number_of_pages, year_of_production) values (18, 'ELPHWG8BVXV92XTA49MRIAUCFPIQ HGH3KE9WOS39DGY5TSEWQ3J7ONGKRF95U0RPX  4LR5PGV3RH15T9TGEG JN 3UCLXQEFMTK4UL358VU1PNQ1IQE0OO176XILXVNLUOM4OD78G6IDFUWEA4GTO27 VGA4B8HMXX590SHHBLIM PG47VE61FXF14HSY1B9DLW EU2UNCWRJYL3DVAAW0 SWKXJVTOTFP3RHYJKL65PDL1HFBR6W9B7DWO D', '27EC99 O5GS01S6WRJNAMVB4V58H07V1WFK89FM93TTPCAA2RA0E8TNKCMCE80VSNVLGG299MQFPTEHXR7OJYEHKIFSTTMF M7IG560ILARJARJA13WYXR4NHG6RLVXGH9KB X34 YCDDLY1LIGP0R717UYP02KE861CY4S3G 5C52RJOCQ0549RM92EPTLX7P0BSGGQK1XB OW62TVHQ7NB1KPEAW0LTHQOM3Q CCU9KTWALA7VW04HF2BD7E2', 18, '712-9-22');

insert into book (ISBN, title, language, number_of_pages, year_of_production) values (5, '17WCS6WBBL NJRFX4YNCCJ7KDUH7AWUFPLXC0SO4YYVK1EHG9GPPQJRVOBB7NEDK9XGLGXMPEC89PELPTN8073HQ9LHQ74PO22AKPB TBOGVEGWUXJAWHST1OY4N3VEAQ5T5E 21I IU7X26N72LA 4RHTNNIHD5GOU7HD EWUNS1K8V4ECPKKC6K5WE0 V0K5A6433H0WW4D02I9GSCWP5G97TEU1NNV2G3COKAO8SFWMJ AUXLKP50CDK1N9M', 'OBKORD4SXHV2HR4H1S3S3LFUI7JV 67FX937HNEBUQHTX66D96VV4 0TEE5MMAM9FNLUXY5KLKWHMFYHAD96CH0SANGTMNJ9RS0ELQQJK8S GP29TH H 5JRO1GXCRES4DTHHD0OEQ53S5FXDLD8T1VKWVPIOKDB0VJXJ13YA5ILN5K5RTRLXYQCHMUV8SADQNCR5M8PK0ORHDGA9SW7X4AKEJ6P3Y0KOXM1LY36B AYNQNER4L1YVAVYQBPVXG', 16, '110-3-18');

insert into book (ISBN, title, language, number_of_pages, year_of_production) values (2, '6G0GUO8EQTNV4C 96A1R8JMBT816FP7JWM0JJIT 3MNJV RQC MI6LBJISK07B371DPMX3SKEN2751Y5K38XY4TN2XRBQN1SFA 7A7VSLDKDNX UE50DTO2X044QHHL8W4FM7U88F53J6R2ACCJ9IJOFVOH 16RAWF6G7 N4D6D3PTU6M1R30U71FD4 8WDX5CVVE3M3CVO3VS WADIP4 7 4F5XVPGGX0KH JUERNCY1CCGGOV5FHV9BB IPP0', 'MIDT1IXAM1P987G8S8RD4TQOCSMDKE4LX6G62NL1T5U8APINP643UQDH2HVJU 73AGY4CVMFLCVAXRAX24 U5PUAEW W25GYSLFE08ETKRF3 M07Q1CY1QQATEQH67AOKQBI8DYG6E7SLYKU0Q9Y69EFDBEKMC0HB3967TKNYEUKPONDAID P3COPGOW4 1VKQA6K1X YXWHQ26Q6U5FL8T1M9T4J6DN4VMSBGANEYJ7EUFWC1BEC0SLX5 L40A', 13, '1-1-1');

insert into book (ISBN, title, language, number_of_pages, year_of_production) values (16, 'UKMVA9W7BWQVUMRYJR7ASK6H2 P NJSX5HCAP17OKHFBJOG3T9OL4PPOCU5C4B4GM8M GP8577W6 CW86VOC IS8NBNEO 78XV08QSHI7WJXG02SMPWBORQ54F58M72WO9VCRX0K9Y0RUVTWB56B7Q8TFXW2TC  QORGHLK 00C707HA6OSMK 5EVKIFWF9 SBSEEQVOPGPJ5HFBBOWDGYET3MOO2LKQNHWLG2IH24HK0P4MLEIKUK9BO2Q5QIL', 'RV3QIJ9OKGBBELT UPJ1T4AXDX5UVTJ0PB5WHA 2AITD 1XW1PX5FYN9HR0UVFHTKHCYPRX6I1NV19FSD7HELBIGQ3QIIPAQWAURH1U99AWY16RMWF4D88TQDBX4D7V IV6BDEQ4PCDRKFG9YJ066L4EWAVXDU SUJSKBVEKLRT8LTB7JKXP8M6XUOUHLX8GTFMTC8P90U8X35D6OYUVT3ODV6O85YN8QWU7U39GDJW4BBK V43VYYAVQGVN2ES', 1, '921-12-12');

insert into book (ISBN, title, language, number_of_pages, year_of_production) values (0, 'A05CF9X MN7VD5AW1NCRX0YOLFCS7P69 EGQ7NMC6IDQJ4AG3ODJE4UTTMV78NB9XL1T88SN7ASD3NQ4P S5F53XFSPU0CEYLAS4SDV037SNM0TXWCFORAEJBYRIJRCQKMOGABYQFHBTWYOJQC5PMXXF M9O3U0QC9C1XA0FW J8LOP41K3VO0B LC22IQBU PNDD69IPTU0PYX86UTE1V85SYM0GGTQW5SPOYG L3D1 GROA7ECPLWUU5KQBIN', '2Y J54R3AOFDWNK5VPIBHW X3RUAGYP9O8HEIHJCTPLKCXH2WED0WL8E3BBQIQAE635QLXCEUF5H4UOQUBOUJBEIN2O7O658 4QXXX6CYI7OYV5D2Q7YQIJ0H3PWRW2GT LDPNGKQJ7YTPGGQQWMD QP1TOH GFS3CV3N05WG77VSECU4VH50Y4N6EUKE6YBRXVCWS2L1NH2MVF947DNMVGDAT GN7GAW5C73C0VGM2CEVSJQK8GRIQKL43SF4Y', 7, '372-8-31');

insert into book (ISBN, title, language, number_of_pages, year_of_production) values (13, 'JEKO2P513OC7LJLK1WVKBXSY16E05X67VSXOTNA83HJ8UQ7WY6W6LWSJTIRQB 2510EMA2NI6AOMJOUVCFSXKPDLNP4FCJYUANVJ0XR6Y1APUIJ66M05LS33PNFA7HYV ISLRA3V69VYHQI2WKLV9L1 K67O7XB9QT9HHV41BAA3TRH U60DF 19NRFOWQ3YTMQ664P6L3UABLT5CQMAA3TC2D6LWA5YIPWYC C0TOB0HJHDTDTUU5TDDQODBB7', 'JDK8S TEA1W0NBC6 LHX9 ANMXNBUERRH5PTB7510UIKDUE1T24Y4UO67PHJG12IPK8YRL4CIAJ5L2022HVXU5AWBQLDSYFOF9X7BLYJ5XF8A 9JONH1YG6DK24F9XVY1DMI6 IQCIE9G2BG9M 9MSNQ082HCY4SJU7G2Y05W778IBEWC85277G 5CEL9IL5MBMHYKVDVG 2UVCIJJA9F06DGMRIR8G6FS8VIFYSKTYUUSYQQA5 EJOOQUQ3 PQ', 6, '584-4-6');

insert into book (ISBN, title, language, number_of_pages, year_of_production) values (6, '6OQNPWD5DG44BVY8RX22Q20IQ87PJAD3MID78BBSM40PWIMY4LB64NPDYGY52K14RKPC2Q7SN9XOBC9 G03J R672FEO AB8NP5PEW2DXL7IF66NW2DPA0A81RQS3DVWSSSC59QBER UKITNDWDMWE89 E9IM38YDXH88A92DUYCWDA4W7YXJN7OUQG247K4DP7T3JCYHQLIBGWCASBW3V7NE5O78WRK4D8 U1BK0TMNHF64GB5QH6X6VKVC1R1', ' GE0JCHI 78XSWC77WBPYXI8JMDNMN9QPWOG037TTA3B5K2IKJ70V7 4ASB5NTQOM95KRVS6PNPRG8DTKO  D51742BHXH6E9AWXA8WDXEV3C9OKENLR9TQ2IHILDB5WQLACPBVCU0YSLC07JMTSH0ENNS7X9HKNDQ7G0GRY213K9VMKSBOSB41VFNAIVOC53ILBLQQKHGLO7KWRNGLCWKU4QDM1PXTB4P29KNYA0TV1PFN41CWM6M1JT1TGHVJ', 15, '1395-1-10');

insert into book (ISBN, title, language, number_of_pages, year_of_production) values (19, '2 UNR20ELUU2ORH7BRRGE4I0G5YGOQFVSN9QEGY0OU 5FXYIPOKGH91LE7FWKTDKCOLO9PWNXVIAI04P7BFXC7Y262U72HXOLW8CIC84NC32IP7DJN0I50A1CEHP44K470ARHFBJXR9XCCW3W6RE7G9TX0E42CLUOS63P2885LU205LT66GLAN3WO78F622YKF4XKKY2MU7XCBX7AUDQ4W85SSARRUF9E2X8PR OS8JB7KMJKMYP9JENTL32C7R', 'I3NLAOU5T8UTXA5ULMLU9G4QMGWFX2RVNQMVRETBF4VI7F66GW5QTDHQY7NBQA W7UDVMIYJ88R32QPXFUI9YDNIEC IU84 6YMFF6G7HB82FYF8MY77B72SPNA6A VL7FNIB64CXUAV2 XF3SI8MK08HGJ3A1Q2Q4PV3DTFF3N9EPWQF4LOSVFFKHS47QQAECLQ8EXER0O8 762IHA6HFQEL12WE67SDVCYK B5H3S 8K8CG XHE02H2EKVX 5', 4, '1232-9-28');

insert into book (ISBN, title, language, number_of_pages, year_of_production) values (12, 'LD0QLSYLJWV 75AJ4YD C6QD212O6WIIAYV9UG8G8G74WY5G4XTJXFTUV3RVLPWP4Y87GHRC3UQPXHEWBF0W0D6BN9QR 8BXXACU7QD24FE3QJLB0DX1X3RK3KBWL0A7LELYSEV5ODGIGNFQ8MR1F39T8W359AYDINXT8YW4VW3YISN9UYPDATR8PR F7U4 FSL5PDT2SA7D3T3YQ8A6BL8KFYCTCW6XMNKQQWAU3ACGSBXRA973MS4VVH6BHPQ', 'TO8HVLS74IL9W8GOHLU73H3F1ARPDVC9EWF7T05NJ969RLD28I6E6E3VW2EYT879M825G4UNOWP8X96TTE TNKFQKQQGQVR8A8DC2JT54ONTF2R585DNFCOUF7UN5JP7HI9WHR8VM39NRK9O5I523IIFKJ2LQ8UB93AF40TP5SST SX8JNK6QG6D3G8O6BF2G6M LDUYDQ0 JK8RWFDT5OBKG6S RH2GKNHRR9513M0MK1J89Q6XH4 2AJKPK6V', 19, '1594-12-15');

insert into book (ISBN, title, language, number_of_pages, year_of_production) values (14, 'CGC2I1QS1FW58V1C3G01 MC1B173TK6GMKPMD9FVXMUL ABI3EY6I69A2WN I4XLWCI1ILMV7OYIP5XK6VB41ITX14M9H1P2JQIWJ3Q5GOL2BR65C9346LWN32PUKU2TWQ1OYII9B5V4D99DNQ423XDDK4485BW3V6A 2146AINAU0JNI34JK008UWPODF34U102D0VOFB7TLANYT15AV BIGLNEQH1BTPT36MMDU3 KMHGB6GHV63HK9YYYN2 ', 'LDD5KWVLK9PX4KUHV9Y69YNB8FNEO1JNCVXGEB79BN1M8UG0Q2HKKW3DSDA57D1SKFEUNG6SFKQ776CYLAXRIX3LL9KEWAAYL25HP7O29VLKKII80BCJ3975VPD7X5GA76DN6G6YFWAIV0UB52295C8SUF QMMKKWDTLUXHGO049P4X8PXLIKIQR1I XY7C2 K B4OM9344MHGEDXE24PENWAO156H9UM9MKU8Q97TN0QKF28X92TD2C890RKAH', 9, '1101-10-21');

insert into book (ISBN, title, language, number_of_pages, year_of_production) values (1, 'ATP78SQHBCF0O6YJXMJ5HMEV4EUOORXBB52OWEJY7JH0C22J075P2JK YO 9D IH8VYAEFY608HTG06K46PJI6O1GBD JAHKYGT3BN0EFAXFWXGAV WYG 8RXUS7QHI12KC6DIC8ED1K2WCEP0175YGK9EKH98M7IR8UQFUIBCJ9THENEPJVYE3GB949UVM4G0PWY8QIL33 Q4DIYPBFTT3K61G357WS5F166NTJJ5DCVSM7IKBHK9DVGUNM9HO', '27EC99 O5GS01S6WRJNAMVB4V58H07V1WFK89FM93TTPCAA2RA0E8TNKCMCE80VSNVLGG299MQFPTEHXR7OJYEHKIFSTTMF M7IG560ILARJARJA13WYXR4NHG6RLVXGH9KB X34 YCDDLY1LIGP0R717UYP02KE861CY4S3G 5C52RJOCQ0549RM92EPTLX7P0BSGGQK1XB OW62TVHQ7NB1KPEAW0LTHQOM3Q CCU9KTWALA7VW04HF2BD7E2', 5, '712-9-22');

insert into book (ISBN, title, language, number_of_pages, year_of_production) values (15, '0RRHKUEGV 51D8XEOLRNX2EALWO0POOY IJ5H3CVN0JH5HLJ5CJKB15V1SDOO8XA1YOWBUQ SBFMKFMTPI YT I45REGB52H0XUB30YTAMKOKH71N4Q7J2QPD6EHCIV2TA FKUFTTIHB47PHXNCXYE XWO35MLGMI4YLUQRSKGN2N2VROFNWM9GVYP1NF6C8E0W7429C8PJ9EPYF3Y3V07VCXCRXUTHI6TDJTRFLF TC1SBGOQ51V66M GLO5IS', 'OBKORD4SXHV2HR4H1S3S3LFUI7JV 67FX937HNEBUQHTX66D96VV4 0TEE5MMAM9FNLUXY5KLKWHMFYHAD96CH0SANGTMNJ9RS0ELQQJK8S GP29TH H 5JRO1GXCRES4DTHHD0OEQ53S5FXDLD8T1VKWVPIOKDB0VJXJ13YA5ILN5K5RTRLXYQCHMUV8SADQNCR5M8PK0ORHDGA9SW7X4AKEJ6P3Y0KOXM1LY36B AYNQNER4L1YVAVYQBPVXG', 12, '110-3-18');

insert into book (ISBN, title, language, number_of_pages, year_of_production) values (17, '14D NUH 0GP0I2CXSQISLC3JONRK2QQUH FMPL048OMAMQ1X1QT6 HAWFGYGTDYKNW0V4EJLUS5NM4GELYC5456 A5I9NJ94JYWD69GG0YUNHQ YQIUQK4JTW22Y9WFTVCBLXV10SY7T 75BVND4IH6BHUF9QGB WPL2IFJOW99JJ9LD2DCMQX39NAW02V2L59JRUE8ET 2M5E1F1QJCXXY6KBUV6LBOL9HVHB9UPTI7QS0QX08BMBP2WF5Y0CH', 'MIDT1IXAM1P987G8S8RD4TQOCSMDKE4LX6G62NL1T5U8APINP643UQDH2HVJU 73AGY4CVMFLCVAXRAX24 U5PUAEW W25GYSLFE08ETKRF3 M07Q1CY1QQATEQH67AOKQBI8DYG6E7SLYKU0Q9Y69EFDBEKMC0HB3967TKNYEUKPONDAID P3COPGOW4 1VKQA6K1X YXWHQ26Q6U5FL8T1M9T4J6DN4VMSBGANEYJ7EUFWC1BEC0SLX5 L40A', 3, '1-1-1');

insert into book (ISBN, title, language, number_of_pages, year_of_production) values (3, ' OW8CXOSQMYXGDWYTJQURIFWVVAR3DTBTW4OY22ONIF0Y9XRXYK10CNNL6KELI162OU1R J25T10WH1ME5QG6NBNCI0EBEJJU25B50G3AJA8TDAI5 X QH  VLDRDBIQR4S9NW0SQVV3Y3QMRJM6YRKHK976AORH17546MJTO6644H54BN3T7EAPLMGJWSA5JL5P3E2ITT7RC229M54FIUAEOI0OULBU5PGA0Y7IOE6L2FIU2WRHTNHLDG3IVQ8', 'RV3QIJ9OKGBBELT UPJ1T4AXDX5UVTJ0PB5WHA 2AITD 1XW1PX5FYN9HR0UVFHTKHCYPRX6I1NV19FSD7HELBIGQ3QIIPAQWAURH1U99AWY16RMWF4D88TQDBX4D7V IV6BDEQ4PCDRKFG9YJ066L4EWAVXDU SUJSKBVEKLRT8LTB7JKXP8M6XUOUHLX8GTFMTC8P90U8X35D6OYUVT3ODV6O85YN8QWU7U39GDJW4BBK V43VYYAVQGVN2ES', 11, '921-12-12');

insert into book (ISBN, title, language, number_of_pages, year_of_production) values (9, 'NY6BRBOK6G1MJQY93YY9B2JSSCWO2GJ52KTKJ3NKUQSWK918794QESCCDT23MTDGFGOM1BMP0P2TQWXJ60UOPE2FG OMS3SXKKOWD69AVFJK5J9W9OT01BH11K864X6GFUBOVWQAOFGBLQRQMGTATXH6DV1J2YPI PWOA9CMCXUPR3FAXG30X3LYX7W6Q6PV3XSW34F55KYYM0KT7A50CK80TSGSIG8K4L7G BKK KN3W4 P4H9Y7D6O9KEO6NF', '2Y J54R3AOFDWNK5VPIBHW X3RUAGYP9O8HEIHJCTPLKCXH2WED0WL8E3BBQIQAE635QLXCEUF5H4UOQUBOUJBEIN2O7O658 4QXXX6CYI7OYV5D2Q7YQIJ0H3PWRW2GT LDPNGKQJ7YTPGGQQWMD QP1TOH GFS3CV3N05WG77VSECU4VH50Y4N6EUKE6YBRXVCWS2L1NH2MVF947DNMVGDAT GN7GAW5C73C0VGM2CEVSJQK8GRIQKL43SF4Y', 8, '372-8-31');

insert into book (ISBN, title, language, number_of_pages, year_of_production) values (8, 'IBK3MBNYWT94QH253KS6W8XK10NHHSQL0L2SCNMGY6 5S6WCBUHNW YS807P1VLR37 30NQNWPQ7 OAAP84KU0UX3F4H J2E5XS85HGS3Y2U556SSNP6 HKJUQEJAB28O6PVDOSFI6HBWJ382YALX9RN3FRXRET5JVUSIOOS19UAUUJTCNBIHH7WC33V20T8UA4J JDLEEA14I8SEP6CIVPRE9OP5O 1DRLG1RQC3YJTCR2EOR5SN722LFQC90N', 'JDK8S TEA1W0NBC6 LHX9 ANMXNBUERRH5PTB7510UIKDUE1T24Y4UO67PHJG12IPK8YRL4CIAJ5L2022HVXU5AWBQLDSYFOF9X7BLYJ5XF8A 9JONH1YG6DK24F9XVY1DMI6 IQCIE9G2BG9M 9MSNQ082HCY4SJU7G2Y05W778IBEWC85277G 5CEL9IL5MBMHYKVDVG 2UVCIJJA9F06DGMRIR8G6FS8VIFYSKTYUUSYQQA5 EJOOQUQ3 PQ', 0, '584-4-6');

insert into rack (rack_id, rack_name) values (4, 'OEVSJ89GJNT56E992JWBY5NW0O9PM41KRICJ0JHRL3DDTA7EV62CK2JCTE3BACM4PW46HWSJO11J7BNNM8NOYXGPOMHSNCYWG8N885HSRBQTXIAHJKH6HL2SS28LXBKHVJKYIA2UNP83XTMSS 02ISL09S41PEMWQMNTH5 CACU7G BJJQENQ500Y  KW848H DTXAD7FB4VLCY 5Q12GCTYKWR3QX800KT KW98WEQ4MDH 5CWCLLMCYRM5CFT');

insert into rack (rack_id, rack_name) values (9, 'B48GKKAD3VK7P MW3PJU6RO2DECYARJPH5R9AG7E6K1UIVEVGK05JCTN9IUO7V2U8J9QO3TN6S622GCU PA9GC8YNY6MW3LL5GI079JYRU4Q28IN4CT5O1071Y2N5XQH6W1HW4 XIYDU21ED2WG45IBILENWRUOBUAEETUUH6P6OCTYPUMN33PWJ2J5XIW5FHY5J8KECUKWX54K7OB0Y4NIG87OTCIX1G S8UYPE T E8BPFNU  BRVEWYNA UL');

insert into rack (rack_id, rack_name) values (11, 'I2 JGTVYFPYAEW1B5R3FM25 30P46405WQ3 A2OGS7W5QVMMRO731K3R5JYC9JLN8NFMC9IYFXCC1Y7Y3I89JX5VYTU1H92EPPXL6B0QCPG4UF38GL7RSVGYB5RGIICMIDPFDXFUI6FIMMV6G9PD60IGU36JW1UAPHS9WL0ND0X79TB7PR6MNDYV20EKSR48IH41YI5RXSVI0WDT0FF7EA572M3SK5GLH4YWTBR3LI3YNDKCVSUAHGXD E04Y6Y');

insert into rack (rack_id, rack_name) values (13, '5YU7RDA2IDXLP6H3R6JCVBUK5VJQM356QBM0D1C HF6LX7HF5SYPKEGUI00VBXSA29U128UNTPTACF657527649RXGBFEHV45R42F9S31M2D7YRH0K1WG0A93TSDN44UGHCLGLLDW5R1G3XU1RQGW120C3 W4 QL SJ7E7N2R5UCM3GV16P6TGMDFDKCS5BWOHOWLP1BGFHKTGIBQ01 L1VTII5PLY7HTP5ONFPDBVDVA6L9IGDUEASKM2SIE15');

insert into rack (rack_id, rack_name) values (7, 'ER451X AIXVD3O7FRM63JQCH8XMRJKNY8TQY3L5Q891YHFNXAA G0O5VED2UK7M8SCQUHEVDMC3V0JJJELUT9UUHHXS0BVP1CFESQ6PD7MRCXYLDJ4T825CULS1 YUNBTYH4AFW0F1XEY 31LXHHYLI7XF159HRN4T6GVFI97ETKMR23FM FQ474O12FIE2XBKEFI6FR29Q 61IR2609E129OYMB6RK7FNCOVWA2CKESS8RQ9895Q69OF75B 57');

insert into rack (rack_id, rack_name) values (12, 'RS EQLLTIA9LYY2VG687JYESS66SBR08 2S9LVQUR8COVCK8BB4M8OGVXD9AKYPDAD2NJ46 EHP39BESM2T WU6R5JGNKEWP1RV0KFHNBMM08WQ2U96G0C201252SEFEYXAR9NQSYWF29INAOF4YNRY4S RG6J5EKBFAKIOFL09Q38DVEBCY78J0HCEB1T6R82JESP4Q8O9 HO1LNJHYDMQ4TD8SMB7AIVSSPRAUENCKPTAW9EF4JFUU5FQ9GTX');

insert into rack (rack_id, rack_name) values (5, 'YMMC1ASAAP3LRBCQTSUAE719RIRFK19UO509GN TQWA9XB5O5A2VQBAHHS4685NCKDG4UYV43U3GJJTEVGY5Y6BQ5HTX 1I5RFWGEJPCRR 12PTEX0CM F16CTEUDCUFNV0AFJ1P5VQ3TKE2II0WQYJUDM3GNEBO79911YBI3F945C0P72VDBNYPBWPOF8HPF51ABYR3DPVI13O5IPK1PK5AL4RO6WYJW5LJJAOJP2IVS4EKE41YN L1D8VTW3G');

insert into rack (rack_id, rack_name) values (19, '29D4JIH95E1X61SAJI1RECWHAQO 9 D1KSS G1AWTDKD1DEOEC3VA LL029QRLNLONX OQ L ANQG4B 7XYB4WYHFBMLT5Y08QYE2YMS9YP8KW2WYHG91RF2TT UD8MJOFOCJLNBIYFBD0XHRHESJB1H9D21TQXR0TEBTSIBM5TEAQN2P0 PJKHYDTWVXL3Q98DXXWM1FDM9XKRC6FLXJEGOCEUJWA0O71M 4RVDDP5IY7LU6UAQB33K340MCKV');

insert into rack (rack_id, rack_name) values (14, '30H3 I45FSI P886S5O0F X9GHG1E3UR LVWNAFPB9K3YAS05E OSB TXOKPN0FTVH1 2UPN7XTPE7QGLBLAV2Y2DH14YJ9VKOLOVDXSNW8NU7W8W0MDR0N4NATSEF028NRLMPA5A2JYT8LCWP9RT4HUPG2G7NWDA64UA7WL5WXGPNXJEGFAHA2YURF2LS6QOQSLT7L7JKHUG22T5GGQ0XENFI579EWWVSIYUJ4QMBU8S48AELPEH0A7QNXD9M4');

insert into rack (rack_id, rack_name) values (0, 'J17U073OGCVO9TW1PBYYNCI5RVLD2TWT2G97JK757NVH YW 2TTMASBYWRV3H60FH2NTCBT2D4PWV R6AL0EV5T9 RVY53R1 DLRFFL658FXVWLN7R LN GSXQV0B6DLV9JI9HTY 8N7B46I8  J9A41WRQ629K 4FF4Y556S7 7EE7LV5SSUDTB9BEYG76VME8A2O2DCHDHVBGYERMM HIXLO0LOUK7CV5CX5FBKEV0WFHG0V41078S7O507T3');

insert into rack (rack_id, rack_name) values (16, 'RTXXPRX6BJKPV5QQTB OTJVH1PV0QPMSYNRX07JC1S2DK9J90M4GLA019YNY5W2DJLPL00P 2I1Y48VBEBAOI141W47F3V8QSDIX1 S61XBNL6X108IEJIYO4GLDBNA8K5LPQDL6C3HQFL28QQA2 OHT4OLG6M1RF3QJX2RXYWKB6WXUAR9DH0MU7XLJM7 XNHXT EV04Q151KVONO4MXL40P PJHTCTFY79Q1YXYR49CF8NR5JHVWTD982NS3V');

insert into rack (rack_id, rack_name) values (10, 'CQXAAUC0J9OB2H5AAON5K8UEBCIE56VT3B OIN1LDN8 KOF 6PN5WLTDRNW2JMH8D9JNTCSBP ODQRS6GMBBC6I8F4N4RDU0PMVHIB R0EJ XY7K9MJH1ENIBXU5I3YFSH 7JJ72SJ8EPGHFEMPQUXKT0RGFNB41511VJD3SPS 5IK0791T5YAUYHU3O9IVODOX86LG4BORE9UMRFG2 1YDWG9WHP040T2TQKSOWKMJB4 Q218H0OY2X91  Y1D');

insert into rack (rack_id, rack_name) values (15, 'KERDLNUWXX8HOXH4M2JE6HQ 3CO3MFGX1DLK51FKPN1OYJW4QEY5NSM2NG5SKC136M5CNMNWAIWPM711D44U7IPF2ICV3TBQ7CFT6N03P1455 H11VLHT2V1Y0SL6SH0TGGM0VQ7CC5D0OB3YCV7XTKAWU 5YUS069APJ9DMW3BXRHB5IF1LVQPW9NO0XIHL9T412XNCOMJWJKY80QRTV3EYUK34E45DK8LBA32XDE2HXR489CGJO2TTR9UU4DT');

insert into rack (rack_id, rack_name) values (17, ' 3K7TR6DX7QYQD7VXJIOULKAJJF3BU4L31EPG478IN4V6X4LOSO444XV6GDIDYEUULUMRGQNNF1IXN505RPN1XCNVVVMMY3Q4U9AECWQ424I GCRUG7ON7NK4O52GDO5RYQ4UV4CL0Y0JHBCV2ENN15IQ85SYQRXWMYLAUGCTUKLQNBETS1T5E LAEXKAA42Q9T00K7LXKY403KINHEL5BY0CMX3WKAEK0YASH 0VLIWFE9S1FKAI8N1J96K7U4');

insert into rack (rack_id, rack_name) values (6, '98IPXU71EX8NFDL1B3PH5JC1UYX0KGNJY76K6G5LVSO61VL522XD4JJ25N1KD67Y0VGJH0AO9TCKK5RXJ4CONTSTGDOMFNEEHIJTIUK9GYHKQYVC2L1VSUC606UYJLKUIHA9LB3Y4348NVJDXMFMX9CG98OIIGWVAT6D8K1P61IY2A1B CCS1JQ4J75YY AR91JPJCT9I7LFH2OMOII8HX49AAMBJHLOO2OLLBRDV86H9Q3IVP1UA4HCC4BM07Y');

insert into rack (rack_id, rack_name) values (18, 'IPONS7HPORWV19D CSSWKICOE2 6425T3WWE23BETWS2LYHXJLVUN5L5H1GLBM7J80H1V8PCPMDCM5CIGBKI36PSS2GQA6XPL0SIXEQRODMR9TI 4H4JUO4KBVEAWT158K0OJ9 V9 G5Q95BYONN0X1YDPWATW6WJ1OKJ N3UDEBW21KSHCBY0LDIMXYQWBPW9F2S9Q10JIYO0DXU8ESY08TK89GCL6KGCOQP8NH7QIRCB90FM0 2IYNE78QG0I');

insert into rack (rack_id, rack_name) values (1, '7QKUKRC377ULVFB3KYWRYQSDFQ119D8Q966GL H01DA3A15NB9H8FBT7W6IGMJ5FCXNNEBN8XG343M5I PYHI2EEL4 3N20PHOMT3KRUEQTBE8AIN62EO688L5SVBT255 DO7 BN9SD4YE4HA5XO1WI7FE0UO8SFMQ468F22YT Y5WLE5UJ RGHUWE7343X7PY2B4DC4AVDQSROKC H9FFUQ3FM8OMU5P RGR1F00QRSHWUAEBBQ6R3B6HWSC46');

insert into rack (rack_id, rack_name) values (2, 'M1R8XMI50RWFEMJOU5Q2CRE7RU56CJWTYL3J7   C2Q3CE60TXFWWQ6708BCGI6N230AFD4A4VH1PQHA8BBOJL0WRQLM  9WS8XOIRP24M3VFRDU9N73HPF9E403EOA5RGM9 HD9XFJHIQ A8XWNU9EAI5YTWVLR3OHSYTMFEKQGQKEG62XB5C4ERMOBDNC1GYFYP3FNBFA5S8VGGNQREJ KPP9W6VXM0QQN9KRJUE3754YF0WAG3AF9F0915VK');

insert into rack (rack_id, rack_name) values (3, 'NL88BXTU7S14E1TY0M43ND6ACX6VW5M1MSCJ2GUYWQ5VS5HVYAM22Y9E39 RA13Y354RSUF4MVLAY1SRK7YWKI511M5G9VLTYXWKJQA2D NS7M6YIMGBHXX1HK5MCYCJCBJ8EFGIBNVDLLSC9CFFURTDSOCXVKLR4V9AU6AP987DDRWFPBNWTP4HA3J9ME5P3UE RHMUXEK CQ6JG9WT0H70TNIMSXDS22ENIPJYORENEESS92OES WLJ7Y0SC7');

insert into rack (rack_id, rack_name) values (8, 'F3X9VA4B6UTW16EIS08T70UGUB6X3LESN1527V9JAGNFL K156AB3WEIJAS YNTB87PJWFCVCFOIGRKBPIH0GF O1RHBV26SACDW91XOIMTBPYWL03BLGXJG3FHJTRWWKT1JN5DEVQJSH7RIDJJ4215Q6HECYL2 UWVLWHNE8OBEIHAMTKYCA3R06505D6HROB1LGKNUDF7 I6IXXIS6DYLIQ76M2IAPACMLEOEEP83OVFHPQBMOPH9BIRDB1AA');

insert into book_copy (copy_id, rack_id, ISBN, barcode, price, purchase_date) values (4, 9, 4, 18, 2, '1727-1-25');

insert into book_copy (copy_id, rack_id, ISBN, barcode, price, purchase_date) values (14, 4, 3, 10, 3, '1951-7-9');

insert into book_copy (copy_id, rack_id, ISBN, barcode, price, purchase_date) values (18, 10, 7, 15, 0, '1224-12-24');

insert into book_copy (copy_id, rack_id, ISBN, barcode, price, purchase_date) values (5, 3, 5, 0, 4, '1025-4-23');

insert into book_copy (copy_id, rack_id, ISBN, barcode, price, purchase_date) values (7, 7, 15, 11, 1, '1841-3-26');

insert into book_copy (copy_id, rack_id, ISBN, barcode, price, purchase_date) values (17, 13, 1, 16, 2, '1113-1-12');

insert into book_copy (copy_id, rack_id, ISBN, barcode, price, purchase_date) values (1, 7, 4, 14, 3, '1-1-1');

insert into book_copy (copy_id, rack_id, ISBN, barcode, price, purchase_date) values (15, 7, 3, 12, 0, '846-10-6');

insert into book_copy (copy_id, rack_id, ISBN, barcode, price, purchase_date) values (19, 18, 3, 9, 4, '197-11-11');

insert into book_copy (copy_id, rack_id, ISBN, barcode, price, purchase_date) values (0, 2, 6, 5, 1, '1308-12-17');

insert into book_copy (copy_id, rack_id, ISBN, barcode, price, purchase_date) values (11, 4, 9, 6, 2, '328-12-12');

insert into book_copy (copy_id, rack_id, ISBN, barcode, price, purchase_date) values (8, 17, 6, 8, 3, '1597-6-8');

insert into book_copy (copy_id, rack_id, ISBN, barcode, price, purchase_date) values (6, 12, 17, 17, 0, '503-10-29');

insert into book_copy (copy_id, rack_id, ISBN, barcode, price, purchase_date) values (16, 1, 14, 3, 4, '696-11-19');

insert into book_copy (copy_id, rack_id, ISBN, barcode, price, purchase_date) values (10, 15, 11, 1, 1, '1442-1-31');

insert into book_copy (copy_id, rack_id, ISBN, barcode, price, purchase_date) values (2, 4, 12, 4, 2, '1727-1-25');

insert into book_copy (copy_id, rack_id, ISBN, barcode, price, purchase_date) values (3, 18, 12, 7, 3, '1951-7-9');

insert into book_copy (copy_id, rack_id, ISBN, barcode, price, purchase_date) values (13, 18, 3, 19, 0, '1224-12-24');

insert into book_copy (copy_id, rack_id, ISBN, barcode, price, purchase_date) values (12, 3, 13, 13, 4, '1025-4-23');

insert into book_copy (copy_id, rack_id, ISBN, barcode, price, purchase_date) values (9, 6, 7, 2, 1, '1841-3-26');

insert into student (student_id, f_name, l_name, postal_address, email_address, phone_no, registered_library, registered_uni) values (7, 'UVBRKJR4N49T3XPJ0ECCKHG5GKGIL6MLXFMWN5CJO40QWRLOMO6 HNIBV8QOVEHSNV6YGPDR217L6 IGEK 4UP8OK3 3XV73QHAUF ELVA9DMDT1JRRPE4I 772EAAFEPXOIW0OPERQXIH5EU7SMXNO87HBEG9FDN7T4VTM0J5X QD9YUSSQYPE4ME7GA4HHHOMGVS4X6RI6D7X6SF58D3J16UQFTT4UBPD4VJ38AOV4RJF431YXMOPS4KPTM7U', 'GAT9GTI3TURVTSIHURSD53I0NLBRG98R3TFHMBQD206JLI0J 2EY5UCHG9N91SKDSM7K4DA67OQ6 4JY9AIO EOTWBUASDHA7B98PP03SGY44ET9K9CSXNAB19 J45FNTOWS5PP3TQUFX 37W7YG7SKXKC2TFCUSMMASXY15DJDRJO9IGF0U6J9XLX1N4Q1OSRWOM66SLRJYOYHVPC3BSF86NU3HD1PWNMNSI63N4B 08R8V HTVI2WV7Y92K3C', 'HOK RKB7NDVX1APYHVMB37H06O76ONS8NWGNNTYCI4VGTXIOIJUH1S34MU KUA4GN28I4F5HWPL5ISRD5NSYR9D2UC6PKMYAUPA3X8W4WQDGJ2US2V6KKL1O7OTW L6950NXGYL1MXNJ2N1J8SKKOR4WPK DLM0V4PYJ3J0GDVG8MG56HMUD9HE7ME0KJEB1KG6CLC8J5QHXAG3Q3EWXFRGLHY2PTYYLB3QS FFPPO2HRW6MQ 9KDW0VMB60O2P', 'Y7RO4NTXFRXRGNYQ9FXT9VB234YLL0451015MM5K3095P0HONXR4VIBVRUBNEPV9HVACLP86KIY6K5DLXGLV0I8FKKDXEM3JV57VNCJ1 37UCBI PIVDMY9M1KGCUQU7O3A0UT5KX1P6X15GWPC32RB6WFTSIJW6W43PIQF3KLV KUO0RD93IIO8GNT KPREES2RJBGFPD79JIW9SD7EQT7IT8TSA0KXSQMQB9QTY4UCJKEAQB770PXDPHJJNMC', 'GASI8DCJHQ6XMYWP10RC0S9YDVEQWI90W0 J16HQXXNRR0HCD3QXSH WRE 0KFYQ6WKOA4XXI3O35CNW9PA3R1HKO1UG1G4S12297WSI8WRO8LKX79C0AP2OANIWKF5HFCNG16TUUF0EECSH83WMO61ND9152HU18VN0IAEJ76SWGXYTHIR2H13YNWOPM OF44TYVBEVV7XP9EDVD3I4NN75RT8JI15TTGN45NTO9SX6JB0QYUEBVNSP5TLVL3H', 14, 8);

insert into student (student_id, f_name, l_name, postal_address, email_address, phone_no, registered_library, registered_uni) values (13, 'JHXNL5NV63 7L7181D70IJJ1FAWQ67UXQF9VN1NXY5TWWX826CJXX7V75O PNUNNR64 10J7J KJKIT JYVPDUHK2TOVJ8P2 EGT76HQVD7K6GW63RKFIGDYBSFY8RAGLI9MMI6E FWBJ1XW1INA0GYT5 2IV49RFTFMBYDDIMAOL3J6RLIM8G5MQ28RF9H590L2LEYJOCPGG0AIQC4DVXOIE8VY9J ES6SBQD1MK 0X9HH09HLHI9NMMJ26 GT', 'ENLVUOYKQ9HN1NNIYJ9SF5CWNTFJL9AQ9DTE5 9BECCSBMC6TKATK0CBSF5Q2B JK7KU75J Y2X1QV63XDDJ6DXFH056IIRGNAHJTC23F16KMTOVQ8ORSPD0621QF0NC59OPBPLX8XU K087X8NXEY4JFLVHGKP6KIW683WLD1MF51HEUIL7PFRWPKUJ56CR Y34FRL3CR4KSB0M5J W4P1JJ6P847D 4HDPW62ICDT9UO6RBQ3IE79114RBUB3', '77BXEYX3X3B6MPMQJKAGFL3JFI2FXPV8CG4D4LOD7 1BUB6IWBA0A9VV0FV1A5H0AQ5LU93D86NRN1L76522DT59BYADK3LS4HBLSAQ4A2C01WS 86FU2SXU WM5DI39GGKTXFM6CCA5GBS0MBX9TMVAVEEBGFUSK92A4ASGQWK3WGM86C6M4A66XBTU4VS1CK5VC4WDJNOPU1KPSGMRG8 TPWP0HWN7W A3GOC9834VJDKARPM1WQ547B01ECL', '31 B1LRXB30H8H38 HD 2UJTCFQUCDSDWVBAX2PPLORB XK662UPHFVNQHT75RL1GX3RW77NDUK1NHGEVHXEYE2VICQ2IVPWPEJDH1JX8TG8VTT1W7KBYW JOHDXDL6UAGBEWOPUUYO4IUW09WV61XNHT8CTGMPHLTM T4OMD5EBOOYANHMMYM21HW6ECU1GBE5EWOV5BDKGJWU7P038OFGQWP3YWM8AINF9HDJXS3W0QTLTO5G8SNXJT250E8R', 'X1LKI1NHXWJSCI8FQW6S3S SWE72CSNS7S78F17BNYDXP601S1OVXW1ERH9S7WV0HVB7B0A 1M7G08DOKE3WPUFLR5IFOEW2HM1MFRF7TG0661SBOQHCNYO7MO0KNSOOKGM2AARUHXYBMQB4S0SYOB8 VA4T69L2LCC60FAPLS9YT17 5RD2 I8FARNG8DOT7QFOKXS MHI3PR27HN7AX8V6OWGLUQ3SN3M PC2P7C588GU3P2O7O5FSDP PULR', 18, 9);

insert into student (student_id, f_name, l_name, postal_address, email_address, phone_no, registered_library, registered_uni) values (16, 'M46HEA2MTCEKK0VCE7ALQ2UG18JH3NVE0P 1CUV6UXIHU8IH9MKGFVVBL0M219DA0LK1X O01VRSQAE84JL6M2VCBMISU9SL QWRSDUQJK5GUG26E30PPQ2GWSUC6K8FS8LN9TWDEFSENIUIYS0LL2EQEXIHHXTQHJENLRNCTUG 85KA8FSSPIUE7P2DCWVDH54605SKJIOXMLMQRX90I EMEW815NTPP77CXIJ76MXO5P8RC32IWXMBKDEXK20', ' R QAD XOX8IJ6I8M42XLP5V21R OR5K9PAFF UBX4OHEAF87XSD6F7J5J1HIXKT5K44R44LPOC0H2R9EB4GQA69TAF433D6K8P 8NX4AFPXH6730GIUWSIU7G5I79HTHE0NNGJHG8SWFWNPK85E03WA1 2Q4D8MFEJOG6PE4FEN H53882IV573N7I3JIGF8RVYQ5 UCRKYRD 2CM80XLN1XVSMKDH3QNOYJDGFFSQUH3KGUAPO0C87SL9WG90', 'PHTUP7RIBGLGY32KT4G0X RYGHAMGN64 Y55MLMUEY1IND SO8733W8IS8 CLCD182G7GPC4C3U319J6EDK W7RLAVS3RAWTAR7RAUNH1WIG 99LL9OS7M94FIUCCKJC7 DQQJN3YD01FK0TH6U6RHD690HMXWVC9L1SM8RTNXG69JJJFTUJFCXTXF 99L2K13LI U N2QEDBQYFNDMO6K0KEOMHS30W 2F2 IC7YY8KV2IABFVOYW9S70ASOEM', 'E2D3JNUJTP57Q0QRMT45X3MIHUHT2AW97FRNS90C23MQ4K 9INX38V7LDHMS7I6DSS4G8Q1HFPMW49CXO9SOB41QK36PVUJYW40LY9376ENTW5YDS2210FXTE474FGU855GRO2RMHEYHBH4R7R Y6AIAKJ2JQH5ISIRKX227H BM4T8JJAVVYML4VS89QIL2NIMH9B6KYIDV1H12R8NHHEUG7M2XPUS6RUPEICFTHMS LDYX6LUQVRO7NMWUDS2', 'P9EM3NEXF2A3HI6K5YXQ01CFF1FQ24CLV8AS484RGYYEY R1I616S3IB5RTCCQHWRABBFF6S9J1LX3LK34E012A3P2CX7EW7HDCAGTKJWF2LXST8HD8PWC1GYJI5JTIQCKX9I7I HWFYCEJ9SN3Y67MN52BHWS82WUGTPFTODX6D7NLXHTTL6F3KE6I9U8838C1RAFVILHAS5V4O895NB2B1X74E MUALMCUIMGKODEEFEMKF89A12VI3Y4YSXA', 10, 4);

insert into student (student_id, f_name, l_name, postal_address, email_address, phone_no, registered_library, registered_uni) values (8, 'EP4FIQMCJALB99HM1GSB6KW9UUNJRHAYWSUOYJ7CYUX2TEG1WUN5EREQLBOEXQ3FOAC URO8WN338LA9LM6V QE17WA71DUY8QCO4AAGIJSEOO3CN340P68A7SFQU2ABTQEC4NQQPU5YUG7YHKB160QTWE7954QOVOIWL1DXVJG  5HHY7FHOKQ8LQX9NL08GF59NKIHXXU8FBWCDCGVXS85HRWQR JI665CUNQNXPQ78PKCE1RIA308Q7VRC7C', 'GYTPWGW7J3O1FA6CWD29KC0EQ9U9EPB47AF4PFWK1NNS404M A 31V9NKWOIM8E0XWIA7NRIYKXKQ5Y 1KBRDJ YI9QNAIPSAHUDSH1KTNTGGSV3M3T1B41537PXCA5L77CFOM91MOXTVXBX54HCMH6MG24LKQV7NU153FOLSFM05DUW 3ARJO8C0C3PPS9MB47YN6P6N5634U0XPWC9IUIVRRV8T32025GE00DEGWVMYS  HSDSDM4FCYXLYAR', 'DQNGW RLGPH7VD2268C4R8M ASH8J85 XTD8YGFQ718A3DPA GKHG7U26ASUYNEA3GELOBP6KKMOOSJW4X82XNF7NP0DBPG5271G8I6RVV2TMY2J08D0HXTHSQIE8UNVQ4SYRDH7L930  UDH6LQLRN6LE2MK PV1M2JBQAKDA7SQW7T HB9AFS1AKV0K4NVIIT2G52OVPL9 KPNFYD7W0SX0V0 K3DJ5QWHCN526JNQ FK1O9APOKKHQ1UIA0I', 'NX K2 NR55DW88UI32DSR2CCV09COT62FMLJM1L17LVUK9T AE33NNOCAMIPFXR73NMXYE VP08BIOFXQ5LJ9MEDJNKE6TXL7LAUMCA6OG3P0H2UCPWWID4PQ2O5DCUG MT03TJKFPT3HTB CVHK7 GUDDN1P8JTFE6W1X4ECQ8VBYK48A219KX EG1G77FY1TCHK8PH77BCDLUVV4M8YDRQR4PD8XSSRDLUIA3PI 9OIM VMKD0II17WCFRRWH', 'LYGB48PE3QIERQD9WYO3RNDABX22TJG8I79DPMPSMP8XDNWFUGI3BSMLS0YGYV7LGMRCS909035JU2Q3E4SBI99CFHMOUDRK1KAQGO43 8FE4XP3 WQFYV41R1DPIGPDQL5Y3HF2E98TYRF67 5OQSF106ABRXLO77YDB1KJ7DADE1GC 6GSS1T4TJL5IIEG3AMCGVND8QR2ETG5I60P91REQ44JP672T0JLP1PP3857CX4VG01343L JAS54KX', 12, 12);

insert into student (student_id, f_name, l_name, postal_address, email_address, phone_no, registered_library, registered_uni) values (11, '6GPT62QF7E2Y1X63KQ1ULS6P1A8IDS5GJKS6L1S81N14SH9JBR1YH7QVHGNGFJ2BITN2KS51SS9E973WJIYFVU5Q9LJOM K82WPLP85HFY5D4ERDQI5624V9YO5ID2000U3H5SO88QMFKW2IM05QADFWFFD16G676M6G31 AY7WV9A4P27JEK8F8S5NCGP05NCP059MF2Q3HW10IYAG1QRQD23OOO4X0UBT26 NDM2IOW78HU1XFNMIDRV EWHA', 'X1Q8O1N V5LNOQF53563BCA0919S2HLEBTI9BQEOS5UP3B1J1YO6RI9 EBD8OI4QSV0NGH985HWB4A0BDLV7KYD28UA9IMJJO HQJ9UY2GJ LU4B3AB56RVFC41D6GMQRYR0FOKOYN1D4RFAYDMPG0U7I26Y7 SUMVSGR9M8X1C2RY5EETY8TUTDMDHO0YFRW91AFFHJBX8 GWAJUWPJ92X4VE8CHCJON1RDQ9GXY6331XF D90KXJSCXY45 LW', 'DE6 68 P0Y58JT55JLT6AEQ7HUBGF8 UPMMQY8LPGVASU 9GA0PE5BGE9702E2AW8H6PQ9MYMSG8A4VHHRLRSFR67H95NFSYCRIOODV7 15FHAXH6T6FPJ1OEJ8DS5UHAS2 MLLUD8MBEOV2BR7RYQDUB73ERVXRHUG96RQF5ADS9D4B 4Y42H3UB72111O5 8EX5QIPKMX3OT808FRRDNQXXHVI54H5QHX1XYUXLDMLDTH3C6BSCSRN6 BQ5X5', 'AXRL7 J94EB0DVE20ORPH921VH307E6Y0HS6HR5Y9EDJ8IMFWSWS34E3V6QKEUVPRAKB1V4O99 N6XNF91XKB7K2GFS43T0Q28YWM21DPB6J6OQOJWOO39PQ7VROCAESFWC3GOORYTY63P27RRM882Q9IAH771U0SMFQKXC2OR2K38AEN3TDXK9OJDGIGWF80FCEDKI40Y9K2JBGNGFX IB84WAT6VGKTDJRKMBWJRA6VIAXTLYDI3FY8218SBH', '03IRDV91FU1I HGX0CNXHL1OMSUYWC38G3FF3BSFXRL1DPTIXTPTA08RUC7FV19ARQATBVL8FR21U5BG4MW1MN ICROC7SH6LPEUMIM5B6OP58T6T QSQXP71XJIFRVLDQ9XGMU46P1AXLO3CJIIJS9NUS4F1I4XIXRHNWA4H2GKAO5CP NXNALLKM459APYBB P7OC2FVI6TVXUNVOHUSV6FM9PIQ2KUL6VXTNYVO6WEW9Y5IIXORLOOW0U1DP', 17, 10);

insert into student (student_id, f_name, l_name, postal_address, email_address, phone_no, registered_library, registered_uni) values (15, 'H A8PETT3GBF62 6SA5OUJURKO6DLAOJ06A922095Y  K1V8RCB5JM 9FRCEGN7VH 0YAOYB5QLS45IJ3F9QJ HVCWH NVW8JAHB BBMSND0HNOGM69E3MR2SOVR KEL3F40PQ1955BC SN2FS2NRITTL2E2HD ADCBKU03M03O7FEMAIDJ4J5GH6B5VI8VPJDKA5OAA981TX7OD7QVMHVKDX53KL233C RBX5A6BMA1K4PDRKHNM130J3D1KKH', 'UITEAH961GRRNLQ6FW20C7ILS3K4KQYIWAK6LF4IOSEHC5PSO9JJ55MM3XWODJCCRM5N3W6OU0WJRQIKYQPDAKNK3EEH9IM44M3VKGWBEVR39T075RXBN9BQ6W0L L916EYRGRHYH8WVM 4XRE3T90JIO93GNK8RVD8AM8SHVX7QBWE WXQKVM4R2WR42HXIE4RWIJY9WKCAMWIG3 N2OFST7NSQOWAI8M7D4X6GO2H1 Y9C3LKD0SP1E9IF86P', 'ES9OXYDXG00UK73R2YNDCHMOL NQ09T2FV1X6DTXPOPSOMI160XJRKEF77KLY1RXJOG9LY2Y1O5TQ9SG4OJL426VYYXI8HLTAYDE8P9DWPD WK5Y8RP1J8HE14W4 CKFF2OHCMPUBYV3VF2XSX8AWQWB3QP24K8YJ MM0BHA6BIQY9BFI01YGLFJTIN1VRXIWNVD VBWOTL1SCCMX1QGH5FK1OLHU8D8UXCVQ4EV06BXA00J3VKB2ORN 22CAWD', '09H03ISRO8MVJ0 JNS2L5ILUTMQLFMDPT72C7TNU FWV26O N6UFP65RGIQ5GKRMPWVJA9FXVFLCYX7F87GJDFATGEE DKU810JJ3UCSRXBE4E318SQSKX5VW 3ALOU2DLE2DTABHTXGN1429S5R1MRJXDU 935JGNXRMBBC N9JCSWC98BULIWXQ8WMCAVEBK15TP CORKFJQJFIBEI9IWTE3OX 3TDUAH3MIBKDQI5WHHIM8PR399  C8FV8C', '43H6F6U80HBBURFMNL0H24ED0S2O8TK037N1A8KKYIBI4U0DL21MX9WQOYJF24VXNV4DJOR09F 29CXPISD8B2363OL326FQQGHTK0LTPQMAOEEY4DU6RQ0ARB7GFE57GOTAL8NTIHBOEUEGUQJE JNQOJ7K X68YDAT3J0CB70LR5 YGWQMPAUN5OYLVS4AN9UU6IBOW4CSMGGWEG1IWCWBAJ8D9MT894S9BE SXBSX6D6L7YPFJOVG48SA13Q', 1, 11);

insert into student (student_id, f_name, l_name, postal_address, email_address, phone_no, registered_library, registered_uni) values (14, 'SOG8THXQK981R9BH8IDDN357GXLXY2J3DTB V 3SC8IKFPNJTB3NMPJ0PNFT5WGXA8LLV2I7US 3NJWSM4Y1K9Q9GEJ3EPNYNM0Y4HT2P5K9YK7WJO96U3QMP42UT J3T9SHMS6S3OBQATEYQTP9IVS P9XOYDTCQ2FW0DTBAMU 57WKLKH0K9BYG0TM0J2H9C8 UC IX UQKF  L75RHB7R4LSV55K8B0LGS126WGLHU6TMBJTCBWM8XRU9WDN', 'J0IW1HURL480EP0O8GITCFE06WK EGXKHRXN7BHP M37HRDBSI7RLUGFQ9R83PCEYU7SF6WH8YME180S1JCTO0 2C9IO BW1QQFWCO1JKLQL7RQELSTX 1AQNSG4 O148IHRTR48Q2G4YUY27V290F28I27153UTDT3CSEUJ7 7YXDXF8NX2048SNAAKYNQ7CI6Y3RMIO 75A45LT75F76RO2OU4M5B5JSG4 Y2B2YH9B91KY9OXCDFOH9SLUSJ', 'X9HPSL9YINUM8Q98J9AC4NEUFJ N9VM2CNT9PTY693DLVBO5U4BSVM5E3YC5I 59H0PK2XEGX2 T JTFM3C YPHDONOHI0SVEXEHPCEIUDMF949FRSR7T5O5J73W8J1CW324IT0O01PSR5XSIRJXK31HGTPH DJLWMOIB4L9JPDYVU943FNG1V6WL5RFKCU9TFB9691O5T24 VKGJ7RLBVFC8 NVULE9KE4DD6TMBATMKDK3JPMPRVBHPTU5O8B', 'COUH26YPO 0L4NAB2BDN0U2VVSN6VI2RXCAK9DR7XAXHJEU84AFLUB DI3IYHB SIWHP41IFMD19CK04K220RL 0IHE5RAU80OQPNUQR46S6S0AID4B2X3G049 1Q9KN39NHAF3T0HAX2 OJH9K T48PJK0JRNR9UPM9T74MTBIMT  7YQ17MAYWX615H8ADLW7KI7J CL4KT9FTXK7SHAYPQBYFDSETK0G7GC R9R45CMBEKLM6YE PQ 8RGPU', '0B2FYAKE8QT325OJUQVLWGJNJKWP1LWSLWQGF86PGQTVRV MRG3YJLKJ9MBYTT 2K7MR54QNWLJWDTUV3MJE37IYN4VVRXTN96L9YG7UVYL5FJEM2A8OOM0FA2VBWVFKWPMVLA9OFK9QOGPUYK5HC82WRDEGTXOPQOMS0VAG 9W1697S D6N4K SCO3G BOKCL0VNS3V7RQN 17QBET5K6DDQ2WFJHJ8B2FBAOOKU23CJRRA44NGMMSKJGYP7SO', 15, 7);

insert into student (student_id, f_name, l_name, postal_address, email_address, phone_no, registered_library, registered_uni) values (4, '21VOVMOP7HVFWV8D8SWO82AU1VKWLJTCN6YMAE751P7PHDT F5OFOLGR076LR6GF5PJF4WW67PJ2QR7CE92FKQ96BBHESWO7031JJ3XGTBLLV2UFYNS6CEJCUY06ID7YV6T6G0OHQMBAGNLMB9766KXTT7VT1 BACTE2XFHA2NRK0VGVWGUR5 UU25LSUAK EFOVVF9IE88FB7AGHL3CFU1FPIYN26I9EKV9CD2AS9YNBTMKFIEG3CO3AH6I5R8', 'SK6ITFK UWEAV5N2HNOOSQX6R7H0RS29DUG0CWD4GL4LSM6MJ8TGC7H60OFN73EQ71P 17V 2FRJ0 S6OODV U0ISUQHMVFBIWS0F4JRWNM9SUWH61EAIDH0581E7SD5WM5JCC6U1TESV4B8S02IFIEOUSLTPU3JNDE BOA2ROEB0JBN45UIV S71SD0PP4AWW56M3R63TPLJ04SXQ OYXGRU5L5IMPBM3N3QDPI79II53LIAMX5YOBXURY5WKH', '77JSA8II2QALO4QKGKRT09GVFNRBWH1605P IPRVF0VGYUP0XMNVWEFGNMD7P1SK6PJC3NNU7WG6DYFMXJQ0A9W3G84D9DRIJKNWAQM88GU6200P7TEAKIAAO0D7KT5L3K9MNUFAA2YNEGED0SOT3X0W7X6QV01MBDU0 0T1I9WRRC3E8JNMXEDJH54P RFEXJFOLSWJHLXJUT8NF4DLQQ0CQ91N86JE Q1IUC2QTRW5CXLKNEU5RCMLJ2YNWFO', 'TG83 MYJYL2RQ61JRI7JED2VE8RXTJITET03 E7KQBU7K7FHE8FEN33SYHW  1S4JVSGWRQEQJMNVAJB0O158LT0SAFVD4767PSXVQBJVL99M Y1C 4LTB2MTQ0SQI1BAHGLQYSWV9F8WY4QH0 I Q2P1GFTU26NM3NTFUKEDB7GHNEG4NXPL29E5J7T1SLF 6GCU3YFPTLIL815U9OV3AR3DORRV0KN R9JGMYN5488YDDGQN0LDHOA85KIMVI', 'PCVP8R4XCDFGE4NRXYLCXVM8NKA5P76D624AN5GA0IDHVMX50GBRVK9Q4DPOT9P4NL5VXF2HN81UVRVIG4QHY P M46NX853W4YUG2UQNGT9I39WN62QIQJUYDQ0FRCOX89SIPGCWXFKFJD9QY6PVI7EAADA5732FLDVV710TD QAJRIMJEAPNFG7GT1M1BK38TIXW2N CWQP01U0ALH1LUIGOGI6NYUVKJJ0W4Y0A1N2QX7BQD3APP7P5UDOD4', 11, 0);

insert into student (student_id, f_name, l_name, postal_address, email_address, phone_no, registered_library, registered_uni) values (19, 'VDB 0XEOPPJF63WAK9MOAB VU4PNM66 12UWSQAXQ8MY90BA6E2VQH0JBR8EXQG4O9UBFOKB5YQGVQYAT1F9T4VRGY06OXSYMXQJIQMPJROY9 A 3UEOU6XLQ6U0FFJER569NEMJTR0EKTX3BO7V9C3M2LD43KK32 3I0V4X7YVPG M6DVJJHTM6CI7V0FHVEQ24R3A DXH69DD0AMH8L6VYFX06KDBR0RDJ7KWXWXIF4I1178E2M73HQMUFY4X', 'MJB0R9MXD3VA26B4M0HF4RPXYEITDUQ62RT M4KX24WN0JMGY9DG8OW5Y9DUEA910F76 AJN5OKN2PMRTU3I1G9UXCSDUTDED86S1FDQ R5KKORV2 0 OL7VPHG7D1YD2LOM3M16TN48 O4RCT1TDEB6YXEH3F0QO8Y3PBHOKQLHG KVXV05679WE1KPWA7PH9TQRPRS2O6TQH1S8O1WYKA04QC1WGEAFTTYRFN010M SSS758SQDSADN7GUFUV', 'ELEEM6NE74A7M1MADJ23 878W4HH2816JCP3QHTM8WL7MP5RPORYKFL3BOT4QPM95YJGFGV6OXFJ8OB8T6YPRDSMU8D14XPX6LS6 FVG6ATBMEXJKET2S68FCCLG3S5SK8YT3GDC CGPHMRMLQ3K7HLEUV40MNK9RBTOLC4GK02Q0QS3QDE3RH5O2I819QP91FOBFA355 H7W7ESHO4S N KX6O 0T7T2X9AI2171XHBF Y4372AAV8LRFHNGDX', 'NW YOKX8WHL0GXTJ3U0P4E6VGBX9LQF043WSC4TFEKB5WXL2MC813T1C5ED0GWJJI0M6H64R11A2WEWY475LYAL025RW5CTF6RPSXGTS0ETF7 0LU8IM6UVRH0HMV9DDD77L30GC1IAQSCIV1ESL93JG8U3 6B5IO4K000IB8YMI26 9QYE4DONE5NKFDKD97BHVYBW3RIXA3KRAKAS199AAM3QHK2E4SW41RO02YNLOP2IGY2LLEDG6J4U82UJ', 'Y28O7030OMCT2E3DRJ 3W9TNATQPDPQFG08SK20GPK4C02MEEAFK1TD  41XUK9GF03YKY4CM5JRD3YSFE6S853FYCJ27WYP1LO5RMU8C2XC26GRUKJU 3OW2AMQIFONPPANGYGSUN7T0EY01I4ASCYL L6O6UM3HKQU2TSHS1S59CJUJVLJTE06MM5LNA6SSQPPXXM3SYWG7FRV5DFOUD HSM131CE4 D6RXXB4O2Q0NPY5FOVNOSYNX9WTDBY', 7, 18);

insert into student (student_id, f_name, l_name, postal_address, email_address, phone_no, registered_library, registered_uni) values (10, 'WUPLA80F6MG9W3UTLCBEOVMCRWMQMS6HQLBBTNVEKDLFXO1SC1LRF0MCWOGCC28HDDXRI5NA4E4BJ2UGYWRJKU81SOGPGB85BDNFWET736QJS3XC 3G1OG50NBX 1LN VUNTRIEI QOYX049IA9UU4H12LXMG5JU DV4186423JBLQRWN  AVJBWTYGRPSBN5N63O4HU PO Y 00JPQI5NNNEXDEFNV5WOK2VY 848N70DANRF30IJLMJWCMKY6', 'XQXB6VB7FIQKA6LIRMWEGVISX9L7F655J6OWGNT5SY1W6BQGSPW17L3IFLUVK30P05KT5V376F12XD7IEWAO46RW7LVNLMSC4MIQ0G KIN0SPEJY46IKLNV8OB4C8EV5MR0ECLEYOAK XC7S894V71YYTXI73B3L9SEPGLKC571ITB5R38UL58J95IG9OAF66XQQWML7VGN46DA7PPKTX 7OQI6S3NKC2MUMQNNMFA7EKTR54167  K932MHVU9', 'CVHPQTG6KE 41BIK8CFF8JBXL81JOLBCONU6BTHJYJRVO1EV2MLCDP7DMU4 60H2L6WGYSCR2893RDJ1NBLMIKTPWUODSYRQ9YNTWPHNY8 S0JN9LJ53V00Q3KWFKQ72XXX98FFL5RBP02CVX1862JJ5CCOWS0HOBOTIQ1TN3Y1FI2INF8AP9CX5DDFW5KDPQL9WAT37HBXGCQ4X7BAX4CGEIYJLEYQOVM440OX9005HGYGAHBV2KFOFT22OCED', '51657CE6J032LF68O3DWD5J4H95YSRYF85AWBQ 1FJ6JI1LVDQIUIBOU1R0HKOR65DNC7WR23O2UN5SE3TMO F0A7D0IYJEK51JDLP LG9FLF7PYDQQOSL1YGIDSR4D54WDD9X3WYA8F09WBI3LN5LSKA8AUJHRTE8 O8694MDR27GTSFESLBA6SDNNPD5S9T26ORBME6KEOB9O9BN0XMXWK6I1O1OPWELMIQE61 N8LX 5QOA1NQVAG5DD6VXV', 'OIPQ 142O7JFU54TWUV63SFA PJE53TY0HLO3X7MU6FLKGSUJHD96AOGPL63SGV9SE1U56V0A6UNCSMOHKWRJ5RF0PEI3FFOWAOD4L ELASE2WLV73D4XGSFF580TJPMSY8 DDJTI27U92445NTSVD67H4EXGYGTCFDMWJXTP36CXYUKF8LVTQLD5267RC7B JL0BNX4EGYHLVTJNK4H  SO LLCXVOA6KSTLP O9EJCWDDB1FCN8EI262 S3KI', 19, 2);

insert into student (student_id, f_name, l_name, postal_address, email_address, phone_no, registered_library, registered_uni) values (6, 'D5YH24JG2Q29BEV9CLPWDTN2H 7JFKCESQQ 8YGOCY4HNSLC9KULPF3WIXD5078BV2TL39738RNT2QRKD5Y1TTQ6TMY6O3SRPJFXU35NRQFT LT42XBA1TB0CVYA578T4OMV67KEK60 TXQNLQDS470LL FJTI1A87QAGYWE6QSHW7WTHSQ4FAUYV HXF202816F180I9YBT5CRPIK39JRXLDG2PD8GQ7SONAPCEOLXYFEMXYIIQ RBWR22Q2W8', 'W8DR3R 4K7HQ7NDOFUVL1BAO46X9T E0H14VCLM31T32LNNDRNQX0UYCA3OM8IKEMNNVHC1N6OJG ELVIEPCPAO4BLXLFVB75TWKN8UHENXY4T6V 25KKEYCCIGV69HJKLPTKOY1UX1OBSDTDKIT5YLWMAF2I0RC4QBE8M04E3YRSHV2U1JNA8P023Q LXR5DECQPR5AIDS0OJSKJ7I599GAQ9PH31IFSM3I1D4 S 7SDAX6KJWGABC DS4I0PB', 'MGWG8QMY IQH617CB493M 47RNH U89MCUD9GL6WFBH8XY3JI4R9ITLN45EY1VDEWRFWT5NMYJ9LDRBEOEWRH67YTVQHX7X 7LFFXSNAT13NRE63I88WUQXVXD3K2L5UO8BPRV38RS0EDIOJD9AHK8T98NEK0RS9G7IT9RE 123W21JLUJF03YP X22VGLPYYXU7G41WMW0PO9NXF508FC5PHIT981LUQOF8B1TDG5RNV18SW041 MYK635GKUC', 'U9I3MA 8HR2JWIQ0CLE6Q2LTRB9EFFV230R MGHTCGW 5T32IKOLRJ50S0B3Q7DIVXBLFUDJMGP 7 81MPMXMLE5TOMQT2S2038VTMLCOWCJC34751SDM08S6YTQ4EDUNKTKSSCRSIMM8NAFME4BUB5PTO ARCJGT66ID3PV93JEI1H8PEJUPVFA8CQDCBH8CX96ECCUTWPII6MQUB0EUPN40Y3I V22DVJNHPC3V2JL4R0O NTTD9C3QVODTK7', 'FQUHGL5F3869OASOT0N90316K4UI94WACL4NMIRYNK11B99H6O8UL6C1OH3MAN7S47LC9MHIY0XKR1NI58Y042S9AI5XSBVJ0HXFAL0NFN2YNX717MH8Y4F64UA4GQXM33J65VJJQ2XWY0IK1LR3AB5TWXG8Y3G5SGEPSQ2GGCCBL90RQ0N X3YG2RVLX2RY7TKU8WV3WC5G8BIRE4S1 DXH871241DNWCAIT5PTYO9LR4CBGXB6M2DCODTQ6UD', 4, 15);

insert into student (student_id, f_name, l_name, postal_address, email_address, phone_no, registered_library, registered_uni) values (1, 'EW0EX2BPS4MH1DNVY7WDEBRO7K5WKGOFFSD08JRKMAOEGBHIF3NWLINIWSE1NRPFRBPIQ47KYUU2MHUU0MYUM7MSH 3T4JNCCPXDNC2 OLL95 KBGCRS12SDMSCM3FB189WP A4JG5HGHD 5E8YRTJ2SK6D7L7QVU X5VNKX0KFM65YHSU7T8C376AUBR5CP0B2QTJNABS1MFRT6LFP7EA4Y6EBF1C2FDV BOLB9YHMPKWUIP7D973G0IBC9OH1', 'XU2HLGS1E60FWSNJ6K4GB04Q0 VKKL8GY2DVJ2LG7JRX7VXRPCIY3N00ARK2877OOMC1A3QEYQW5B2G7JB6BXHN6AH0HC9WUSONDET7M7DM2D3FI45P4DSTCC9OHDEWQIABI DWCVRV99S3I2DRC1LWY7CKPXQ SRRCRK0RYWT28SIFGXUV PT7 1VJ4K7NJHDJRSU1QK62HL1LX7 GK9UTA6V5E6VDQ15 NR86XFLNG6FYX3Y45V8B0374EUCX', 'EDTBV0XWN43I7R7RXTIHQRPJE W0ATIBVH VM9I2LQJO4W43RCBF1X4FQM739NT AKAW3YDIBDQC7PHCDUGMNTDH7KRF3JSCWD7L6 FPK1AH722IGUEC9YSRPQS4G R1660 YQ4GTSVUEU9GVET0UWI1IIKKKDII92E0JELHXKYK548 XBYVOA603XCWNOT3XCFBU 4M0AAE9E6VBHLV6GOH5GI5SB9R6PDMLAMLXI3JF17FV7DL14G65M65Y4K', 'NHEKKU2IM5N0BAOM654X 5TS9SJ3TGBMW8NPY9SMCDGN50D1UF7CUCW4NFCIO1GVTVEWHIY0 TJTJ10JM4LLY00A6N1T4MNND9H6EOH723PHYWK9MCQ8LY015QMKCLA6IVL93EC3YFXQDAJNJBPRSSHA748SG51RNJHYOM3XEQVHUI9WHEK0Q2KI3XGN8MSTKSFD4A9TQMCMAM4OWHLC2LF8GURI 53DY5 R96JCBO8 Y1HTMB7PEK17 Y2IA82', 'CX4LE8EXKTYMK2B3G3NB08C8LRJL4D1R3NECMYRH6GCBFCOR6QD3WF K1T1 JK2 B GE4IJRXD2OV HE2 1DCLGGSH7RIX 16KB477SYPX7FEJMMYE2MXVUD0TA9SVLEONS64OC2WWC7JLENM9MPI01FL3QS1O43XH5R5A9ANGID4Y79JS3LWV0VF6U 3B3OHN97LOKN2U1O7FFDH 5MSTIDGJUL5X6BLD SMX6NR6XOLQULFFS3NDA832DVCRM', 13, 17);

insert into student (student_id, f_name, l_name, postal_address, email_address, phone_no, registered_library, registered_uni) values (9, 'D18ACJ5FN7NQFIRO6IK8S3THHY26F97 6F4U6WUWNV DC6I8XNSI9NQ4RV7B1U31G5DNAHU3K1K7U7M7TWFNOMVAQE YG5IXNSELMJ4DB8QSPEHN6FQDHXSSVYTHYGJ1VB418N4T3VBO4CAMO8UKN 2AIWU64Q4MTM24NSQHJ8LEISCWJE30GTQRAETO3X3KS3G13LO2I2OP1PDQV8UVF3I5S2T0HUXFHDY75IIGIJ9DD7GK4E7VUOHL7AUUOSD', 'BAEMMW5SYEVPJHNTW0BRUGSN3TG7H CGGM 33SL1EABOELL42HTQ WG8ED6GT0QXG7KQGRN CV95PWEWJKG4F T9TGXIEKH9KXNXD WTHG7UOFRJTGDFMY4048M6UDGITW4YYLUCYVSLWYTUBJ23I0G0RMBSRB6SSEQ SGKO3XFPTC4JVPDO4H6 RL8EXHYF9918TQ 3WETFR3E4R7B43Y5EFVXS1C94RIFLUMX278JEXW8B1O334HMJY9DB3WE', '2KTAHL F6R36UDLWWYFNTJ5F8KKD6RAGH4 Q ORJ18SQ6T8PY2 LQYN5365WXKNQ8U13F58AVULOD VSMOG2ANVAK4I 9O4356E79WJWQRJK9W1I2JTNJQYIHQYHC7 U263SFV1X3DP1WW7KTW4L4C17VWKB92NB3WH0 EGLMVRABHYUSX78RBW1AVJ2J9TP9CP0ENOBL85YSTHKH 806SS18XV5IU6G4JW35M47XD7F0ETXCWYDQ7PP47CY7SM', '9PSL UCM8J131IE8KBT7NPARKIDXQNYJPL3E4UY2FUTYF04P6XG97Q0XOY6HSTYT3GYJKCRYI73IN21XU7VS3LIOTWW2E6Y627SOMRILQEPID8LM6XL23M UQ7YJ440AV6RTBCDSTWJ44KX4N2B2HAJ7JABFXT3KODKN8SFQ8NARD78X0V6YY3P4VD6WBWTAF6ROFCUKIPT6HTMB6J CHP9XNI94O0EI8GIJ 5VOAVP84BFD3EYDG JBYOI9ATT', 'O20PYXB3BHOMIT0MDHJ201020IY6V4H4FHR2N8 JJH05E9YAJNTRPQVWDPNRF HFXVOLULKH1F0EU5DUY3LTOAKICW65XJC6TXE2LRC349QIYQY4U4GQ1FN6J0A5  V41MONE 5UB62OTSOM1NC80WE291PL21XVCA9C8BVMLXB2X4GUWQJ2SX7IND68JQGNC7SJVO6JHRMBXB7RT2TXVYJEYJWCS5T58XUV1FPVMY XGURFNX7SD8DVVCP75MM', 2, 6);

insert into student (student_id, f_name, l_name, postal_address, email_address, phone_no, registered_library, registered_uni) values (17, 'XB0YC44GH9CPU00TQEJO503PC FX7Q9XFT0OSXOBVEAAKH 67FVN1N47A9A8SOSSJ 389OLSYQQOYFFHB38 B4C1A6JK507786P1V9 L1JF PSFMDU2AKA45OJG70QG53 4M1HJRW7D0FD4QJ4WG8MJ8BPK8KY ROIBQ6QAIS0V7KEV7G8O 18TR0VQ5NL2F3L6RHXR0FK3XC25RELS2ATI6YRP3I3V8N51I1SXHOEQ01T2TBAT2HFFBWDRT8EQ', 'PN7JLP01OCV6RREFDCVHACYKCW1XXXO27902P3RFCWWB882DU3SH07J9QF24QL3WS1LADMAR3YSET1CPWOGU08SWU7X0 B5EGBQSCLX3MKBREUQU658VX74BULNK4MX7C3SPIS5BXTFR5GRREYERRWYU44EEE5UOVV 1641SPM SW6WH0JICEMWKAGS6QIAJAWBI23DYMYVW1V3RQXC66V9B2MU8 XV L6C1KF8GJO7TTIHVNAHY6YAWIX OWIO', 'YFY25C3DIRRLHW6J JN7YKUBIQDEPE U4EXL359D8MTWJCC0TOVHTVS7DQ3BIDH9A6NACQ 9H5GF4QQ1WM GQL7O214CUF3RFI  76F5SFLWNLO3SCV2VPUYPSIQK63N8EDRVYBJPASCTPQ2CBXOBLTRHC7KHP2XO7SB 6965E4S2K36Y2W7KHAFJ7SHOHVEGMF8FOF7E47334QUVMA2YLP6GU6OYR 2L EJRKT2S4WF687X2GUG46FDHL30EWB', 'S56KCKUACLS31BWELWGDQX5SOJ3M91JE F96W9Q4TC4R88P46SYCTDXERA4MSYNV8LDYIF5LBPKF5HI6G9BH270C3Q 1M8X7IBQFTSFE T0PK6ALAKM865UJ8LDMCXJ2CCBI8E5GNR34506768KBHQOL  EX1E8VXNO4HXFPNYF3KX18X7W7ADPO8BQ0KX06MD6XHMQFGIT6CR2BCJLMF1EE4COMUCOG1V001OYT9VAQVKVKEF3GU8MTUI6NB1B', '2QGVO3WFBRNG1IDPREWPSV69W352N611H5877T3WO50NUI86CXFLLF NGQVAV1JVYO0J231PLCM5VQ7EDB8K6ESS1YON3V9V8M2HUJ6YLEKIDPTBD0G1T70R4YC IPWSOYN4YJG32 INV4HPW 6L1KF44JQ0IP LQ7LMQHIJNPXI8SGYXHB154THYF7N4N16O8MKE5BW4Y3JDRLMJXURURFX24GUHPO2X6P0F6K3YC47D403EF6 XDI7CVQ6J03', 6, 5);

insert into student (student_id, f_name, l_name, postal_address, email_address, phone_no, registered_library, registered_uni) values (2, '42V9SST6UN 8UHEKB1VMMEMDH1QDJ9A0NSCT80PXBWI51F45IEQ3HSRQYJTYD82O7P62ICR9OIELLXDTAU7XPAAOF2V8TNFT 1GDC8G3CDKLHUA0295EYIJE 4K4E5PTJ0LF31FQTF0P5HMVXFPAML67E7JY3W9JEU0H79H3YNC2V38F9HIHCOC5R 8DM0RS4H54OF37OJO0UQ1VIJN5J86DKVF19SW6KGQA9PWQYN6SAONARLXXUG9F0VLLUB1', 'YKW BCADYMV7DPORM6Q46BXQGNYYAD9G4JIUKJ5COPFNTXSOKXQELX35BYKVE 3GXFHN3 27T 2V XYTKA7F9M9SEJPY8LHRE95LXVX63OK1OPQHMQ0MIE05O2LK5 XP85YN9US2CLN3BSEGY8JHOEEJKPUTJKP78FDKSN V79C1B8Q67FDQK5DT7IXJNT4P5C12KVBUWQ3LIV76A6SLQ6NJC54QHFHB1O2SKI09 U04SL14P5LL2H05G467KRY', 'L8DWOA7X1TL6CMMYWEBU37CWQ803EDQJA59OAGR9V9JFBIQWGEK7I0RI0SU5BSENVL287XDGBMPT R3MQ4I0XQXS2F8NWNYNTCSQV8MO7QVVFDSCVJOJM997WAIRTPWB69FAT34BAL0X7QJHS6FW5AR8TMONEA4FLNKDCKPOEK241GEKR8WMUKEOY52JW0KE28BGLCEUVI93DCCUDWK4V9A6KJTJIJUYHRJA7IKXR40PL TF53IM37DUJ63XPV4', 'BW4 QCRW2AO0P2WOHLYB5H38Q7M8HX9PXOODSY9MAATDCT1K16T8U3EP71WMDE18MEDS1WIW1LDP0EA2LQO27N7Y1NA4UE32IRUCDHHESFV0IGKDURYQY6X5E7L0OQ1 GM4TNOQRX4XIIC76ROIIEC93OH47PL0JB37CG27PXMX0L7MG99OUPV0DFD7PVJT82 8EB3EFMH24NRRHI7G6K79IPJ9WJYTMEQRK75JCWFJOK87L1HM8AP0LUSMJYC1', 'MHGJVVA6XII0SRJ56UQSYQ1J4BQEVF1YY6BDI3V1SKV48GWQDY0AB4MUO3XW1RBCPTSNC  WO88FJR53SPPC9O5FDN5OABXYP8HE3LCV4B77MGRIU2CLFVAYW3YID99Q32HBP35 ISLP8RB1IKGFKG09ECWLAL0T646WU RR FFG4OBVOBVOGJXDWJRFDFBB7R4EP 5T845NFLPG0SU QG5VXVBKXK2ET0209KXXK6K2JPJG50HB3DY 3Q640GM', 3, 14);

insert into student (student_id, f_name, l_name, postal_address, email_address, phone_no, registered_library, registered_uni) values (3, 'YEU5SOVYY90L4BIN9HM223SNYD1KRIAT64BK7KUIL3BNNU812XBLEEMJTHF9MJWPPJYLOFF4UP36C8X07DVK1HOVS1GKB0O7Y9POBX3XT3ODIV3OBQ1LIK9TLRAFQVG54AWOT3NINVS20MEGC4CRPDWYR0  DRGFE6RYNHSJPHNKE2GG7VE3S3A BGQ0N CCATOTJF6SK 156FT61MAMQNMBDP36PWVK8ROJFMUVPUVWBW9W4BHB7SA1VND9QVJ', 'TNE0XI4YMATK3XWLP1C32S1M9OYN914VS8GLYJOXEFI75 M5GE16 HJD5ROG6 8SB QLOW21UM1CAORUA 8V0PEIIBD JSDTSMQNAIPS3TQ8A QCSS LSUKQUFV9VY6LXE1SR1BTYP82OQC80AAMTM5 4JDPYTESJU6RE4BXIYXEQLHX5P69TI5F53FLTB6A0D4D5WSB L6L VY4W4AES4FI00WVYUWEQ 3V0RIQ47SF17GQ RLBQHU122HJW05', 'ASV4QHNAT7JWCP 4Y GSJT GO3TTQMQC48MIHBR7 SU9Y8DCLRV417B4H7H5J5WF0KLRNE2003LG4VL1R3J8FBKT9KO5J0VWBK8QSJQDY7SBR2XYT723YS00AA6353AY42P5JGNE  TPWKQPO1047E7IQMB14OC9NUA9X96W14A4 GVDLTGBO756I7J44 K0C1UC8XC TLX7FP76IM6OG17 BD3CI319FS3G7G7IL3VCSPSKJ5X0VSXAEQXP08F', '30J3D8KPQCHWS 11GUJ3VU1PNGLDFG4RPRETH610T493WJOVU1JJ6KWK02MIPQ5F7ETW38GRE91Y3HOLJHDP5F2KYVD5TPF0HHXKWK5TLI7UIGHCTAC36H3OCWL3 DVNIW1I48XI01R29S8VPQBBP4OOLLFF48N45NBPV4YDPUVGGBQEYA3GLYLOFKQBSW3UB3IRD0 AASWUCDIJAQAWR9YN86B88XXDGWE67CCQCAMMCVITX9DWRWY771YM9LN', 'JUHF5L3XDRS4JJJL7SK700OF9MCTN417Q2GDLHGP4HKQ035TQ7GFJN6DFA35XVUWN69WT5LXNM3CFOU0XRQA5290W6T2 IDNJGWDPTCIR646H7HSFI 7RMTAIWKQSASSGTIOFKP3F9900Q3N49LKW2VC9D5MWV3OAKFH3HPW2G36KSI6CVK0GLDPTA 0 SE4 FY9GM6MPGDLVU6MYJGQ1XEQ6CU3F3LSGNIRIIU 8Q4XYV9AX3DPY4VP5EXVJV8', 0, 19);

insert into student (student_id, f_name, l_name, postal_address, email_address, phone_no, registered_library, registered_uni) values (0, 'SVFQLNV8F2DUWH EXIBP45XWWUYCMT4OX83OUNLKFFS5CHEBDD1LU99WK7919A81PF0Y4FNNAJ2 WSJQEU 9HMAXRIT2IB168LFK O1 X6VI66BEEHXYDXNVI7A7V17KMG8SVCJ 3E6IY7FGEUW5LHIV4OCMYVBC02O1WA2QVQQT8FQLG5GT6JJLNOCJUS BFLW8TY3BQLOPRGYBAYW1QNAOW0O8DNJ4HVX2DVYL 4RPWM99II6MIP9QA25ILX6', '310QF4PT7GQY1VYIU5M00VA190PNOLSYL4EOGY3FO35U84QSLFPCP60XWUP03YRP4BSB1O2KSQF22OUFXQLL91U65KBMQQR4O36AJ8DXH7OAQ F5TVC1AF8EXE3JEGCNWVW7HYEXU6DS3QUYUWCOOOC2XO37WO6TUBYJWN9HGNKVD9CMXS5VAMREX57DD8WIWD78MVSKEUP4GJSQQ72M339YVIRFJ00YV7BBVUAH51QJJSRW74P14U V0YPBC5E', 'VPU P298CG5E01FG661QVY5XBGMAE1B4GATPEPDM ROA3 0AUL17AERSJ5MDXUN95KC23CEV5AOHKBM CGSVEH6D3917LJXCA6G4GK3 KTJVN179T7TVBFWJSD6 WHR0 TBOPORFXTOV T42SA4SVJVGI0 2CNUBG6CHMWGHC5ACA51MXG3S1VBM7VOD8R2WGV9EGS 1CYX23J TIOB8OHW46NY4E65KAS90I0N7PX31S3HJ8GJI UCKTVHDSTJ', '07YO1DOV981LIKPMD49TQW224ME LMHKR7U3GIJ0717A2D5JPEAA9RQBCIYQ8FJAAIGVO5ITLA28HNYS7C ABKCT6XGPK0AMJOQYA AD3ESVB232W12JT1Q65A8GS46FWS5S5YRV4JOU4PG6OD9UPMU 0FDP WI30WF6BA1WN 72AMIIWLNCSRLYG0HENYE35PFR825OBMDH9A VAFWRNH35HHCVP5HLQXCJ7LWVUMKI1M9YHIF91C03GVIRERN', 'UWA2MFKTG3Q6YE5HASPPAENMYH4DCA32WMNEQHWX655O6JE0LR6M9KBVYJQTSNO9X708BT7Q5P06X0GB938G 6I27D5R17GOICDJ5UULKLU2933 N9DRE5GDPBU17AGI8EWJI9FU JCX01OX3GSRVJV0VXE9IT 6HGFRFFY6PFFTG1J4GGV35T2GFR2GST G6CUDQ6ST9K4HBON5SAQA YI5TR4O7SD U0GAYJ0NVHS S6BB3LLAG21BWQ47VCB', 16, 13);

insert into student (student_id, f_name, l_name, postal_address, email_address, phone_no, registered_library, registered_uni) values (12, 'V6MIVV 62N8LPL8V7HFVSRWXEU UC9YRQV6OX1YP4S0HSQHGS92LQJ93U223J71MPFHX0CCJ IW5SPR0ATM6 HTV4KE5QSNMM8NS7640K3W9LB 4V98UYAXIXI9J6HP OD601WE2KHYCI3 4SXDS0UQUWAF7D6WR6QM6CQK8HG94 O9FQDQ8 QGUXEFR60WH2W1RHOCHB7AEEKLJVS 0IOOM5NE9JMOMSMC20DQHBIUGHYM4KKY4PTT6KIJR3UM', 'V4H8JL44F8DT84K66Q4QX6CO0TJYDF83WA1T8CD67MBPCM5TY9GRARW1P8PT1W20LS79A5I2DRPI7LOAQ08MO648IIBO9398 XSAMQSO812RCKDT0UEVGLNCPLADRGUYJ5B9726J6Y2GCHDL2M1WDLX QV 25WHHKKETRVPIWALDPL2EFFUW6065R9D92JW4K40T3RNV8GMEU3UAKY4K6997W2QQ39EH3W1M NFGDEOYEY0M5ISYQEE5 KPAOMB', 'X W57NW119H9AWM974P6I4LA88NC3TW24XGVHPV49NYDS0NUX1PYOAE L9F5CJDPPPBJKOYGLGUK4LPXSHJGARRST4YPDCG1SKEKHE7F96NTQ H9VVP0LQ 2VOX870U4LMOC YRJFD7SN75I5UA3P71V7XHGH ROI189BQ14J9IKJYRUVFUVR7KK 1RTQ7PWDMXQRX47BGO4OTLUHWQ30WN1MTYBD0W4TYE CKJLBALE1UHOIT87HRMH BY2U3Q', 'E1ADY3HL720ODFQXOKHAOOINCKS52QXM4TAJO I2U3CCJPXTX29POJ H8KM4NYAEH4YRISQJPP9LDC646B8V1CJPJ6W8WNX0MNNK63J32P4NA9KAN8KCMEAHMF5B 6D4MBHLG7DCVKV4J4QCYAJW574MJRN64GINGEP6PUH0FSKDYRMWIJ52583YGLGBH4Y322DM0S43FKIUX3F5J5WEW81GXVOMYDTJQJ1GK8CFK2Q12WN21DQA UJT8RVVRSI', 'VSAHWR2OR6P25HTB5T 0XH9CPTIKCUH7XJH50GOOHW2IQQF9VIXUESG2FT5VFSO4E3TPVFEMLCYW TMY2I6KOA5O3IEJNCS53D4JN 7JHCD6O2LEX7GSKM23C H6H9T1XF5BPFJF18UMVHIAVQ1OJEI69Q65EGQ4EY6SMQ3JVFYFBD8EDD0EUDCEFDJ7IAT0R0HOKS9PWDPX6X11ABPVWHA7J2OSGJF43A7YVT1VT5LHI3SFBFLK3OM7M TKL0S', 9, 1);

insert into student (student_id, f_name, l_name, postal_address, email_address, phone_no, registered_library, registered_uni) values (18, 'PY1YRTCH1NMBGASIQBT5LROUXVHJK03JNSTTV4WAGCFT6TTNWOU7O HEVMAB5XT54LTT8SBU4OCUAG7XMI2X7KTD62Y8MPWBMW9BDRADGXMIBB5759D41DGC6D2M5VJWSMGKNNNK3ECMQVHNLPQEW17JCQ3SJ38M8R8T3 542IG4WNSYHT5D9 FRH6U3T79WOMBOXJJX8TQO6EU18UPTFARRO3IWDKWM4X5GGCD05G9NUF6DWYA8CV2V0RU2 57', '8GUFUT0 1ASFVG 6YWKQYS4VYE 6PQU8S61GULOWV0J3MA9OELIA35L9GIA3D2SDRDMRUHRVYH1K4IXDJ78RJFKLX13370P7WGWNSRG24LK257BYDGWIC 6M XG7U9A26FSGRE87IBPT5056WLDOYRC 751PWI 41ORKIKNMTJP96WHKPHEPITRL IGRB5GK8S6FDOARYKPTP8V5CK6MP3UFC5G6DXA7LOQ2QLV0JAQM7HVW1 EOT0M78AXV5J1', 'R6 L7L4PYK0THXKYCFMEBK341WQESO388BN 5BAL00AK7PKVBVLNC38NNPU5Y3DHYAKKIO9SED6K6OB2X5E6AY5WY64B837SUPNNM98DAX9BS XFD5L82S84KQVB4QTW7G74A4CQKUUWL18EVTJANL CN 2COYRGGUI0HYQ0K7J6LR7DK 99OUMIR4UQ7NCLH8H20S004 O4O3C63NIKVJMWIV2C7AUR2LBWHPM2YKLJHF69J25P2DR3R35YP51', 'D 4MNDUBJKDGHCGQM9RMKL9R9EMX5BXV4 J A597PQ2WG8XAOLT8CBMX2E4XF5746 VP6A9VT1SG0N CR5CAC5X66R9DYCPRP1ALSDHK6HC5VXHVA68XXMTKJX38Y1K9 VO60J  H79DUY9JOTYPMX5XOOACWBB82IY7V4ONQBGKXHGT7VNAD0U99HSXEPWH6PMGT6LUK6I4YCFKW5PGE 7F 11EX9YE5II6JK1 QC2375NYVEX6PQ C0GRA52A', '1I1CQ8IA5S2BSH3FQXXCXC2Q50YXTFLOABN9ARSUT7VI3BINXGDREET9LSS5RBB4Q653S71F21OFTR5JGYN8BABTYETYAVUXYMO RFEMN6OFFC79RJ9UKHKLM86JED1PYLDO15 XVY2 OO49TA4ODEEP L5F2FIDS2K7QCUAW0PFOCF7YTXKRBGHO48V27RYDBO EU3FKQHILGH290SKC1PNXGQ7X7KV KXMQFH9ETB5FCWXOJI1SC389L0E220', 8, 16);

insert into student (student_id, f_name, l_name, postal_address, email_address, phone_no, registered_library, registered_uni) values (5, 'VG8E05R6V3CF27WJMP8QK5OVD1928U9W9YBHWWOYJD9THV9YFYB10U7MM8I6MTP4E7WLKFFLPAIXRJC9 99SE2WK3J7OL6TWBNOO205NPEEERNKHGKP0HK8WQN06ICKYU6M6EQKPOY8E7397QDUGTX4XM8EKU96PHA7Y7R 2RG4C3Y5WS EHRNERONR7V7XP03VHKXOI9DDX2V8HVP53 A3D GQ11P8GTYPK64KDDILK0NX0JNKYUGW4NYCULJB', '8UF435T8QEUWMS1SJRXUW8DIM84GNYS 2P77G9H5HKR94GUDYP05IXCV4VDR G2CVOTROSM1N0R0132ES87ROEAOHA5TELP86NUMW4FSMEKJYLOS2QCHCGWHOAM35OWCUHU2XRFU0DFKB7BTPTHIX6A9I5DJ240GUEBHWPHD6XD140V2YYTBEHRS 4STQKEVT82HMWEA66BOGUF1WORNN38QJFE7LDXLMJY20U20 B0RKQR8C03BPQ69W SM7MK', 'TNS2MHFMK0U8HR91FVV5VDXCA812IN3V20GINQUIGCS8GJ65KQ8U6EVWRAP2 CWCWP5GMXVKJPLD056Y3 1TIS5TOW08W0FB96FKOIQJP958HOPNEYUUETCDAPK6J653157RWVUEVC6AD06NGNGABN SW J5XAA1ACISX1KTK3MD0AKKKCSV0ABI0UTK4BJ4WC95JIG8TFM5AEK666 198SFNG6VD1SULVAKVYHQ09C4HBC KXWIMBL22I7IBVG', '6LQ35U6PQ FN00YJVPYDEHKN8KWT2HLSUKA 1K071CTRVMF8GSY00PHJX7UY8PEL0OM3HN4X66E675449IGSJ 5B1LRUYY3B31CFNCW WBPULN6G1761QO4NI12131LLYP5DYVDW2FFB0E92STHFL7UQTJ3PQ3GW4O6K0HV9AMMSCXBRCFLH0K42WSH77PG4W9BGNWHH N79P9047R4295CEU I3091T42MPRJAUE4YIV0T5IW87LXSOO P4LKX', 'LDJ31ITOR8FR5D4PKMP35Y3JFT05C0V8UI1MVR1WY20U3IKJUAA3R97FYXX7ERIBTVCE370J 3E07G363K6IDEMVH22LD5PDIJGT3MDT99HKBWWVMIKD2X6FMH55O2FDE4VFX56G5JUAH1FMYJGQTXV45VBWNKDLX9U5G3RHYJ9H X6BDQ42C7HG36JMBG40I UF1S 1EA1IWH2EF1RSTOY5MI2G3OS3H6SG1EEOPXSRTRXVMGXPTTPH8MSFAFJ', 5, 3);

insert into author (author_id, author_name) values (12, 'W5I1P0CK0V7S49WMSKY629JV8RPJSOQ9Y4ANY1KJ26OH5BNCNDP7BK5UGFL6MMHBPGC50WS7TCJ9A3MC7FGNF4OX3NLN8IMR2ONM7GVFQ14WBUERENOGVWJQQI9WSXHH31RO0F 7LP61B9SLDH40YGEH8HT2WG5AR2S7TM6QLWIR5QJB9X8WC94NQAH94VKQWGRFNTMM5OGD4WQAFRLEMOQN1CT1GTVYU6VN55UJF232NY98T3SMB3AXD43XK87');

insert into author (author_id, author_name) values (5, 'B9CTAO0JCKTPTFHIGE AL2HUM4V48TY7DIAL6ELNSWPH5GMUY8WH2NEMIHJEGO831MM8F1FQE FGIWMFDF9UUGCXX5UK16USW6BU8QXQGDQ98 2HCC2T4ENVFLMLBBT T0U9IMGS  MJX8TT N9KN30KA YSAEY6QKPUXLHF67UG0PT03HHBFAHMXCCHDXSXLN3IF5A9 RNVJL52Y3NE9Q11WP0SBON65WA7PUNJNRCI1HYBAX5978707QXFSKX');

insert into author (author_id, author_name) values (6, '07GGN1X1SHE7IUJV6G2GPGI MAY9DMJOMDKI YUENVPJ5VL T WOAH7OSELRNWJC089KCT80JO2FMN0PUP20WJYKHL0Q55CFD7T4S5Y2DEK 8JR7QYBWNIW9PJO2EUQ61AMYAYHPFK7MLC3DNIBSG5ESJTQI4WO7KHPX23OQ9DNEJSWX1C2X2BTD1675D0RRJTMFVRCWK52THFN253XJH6YLIDTMNCD5 3LHMD 6KB3KEIOCR28KT0J2LYAXVWW');

insert into author (author_id, author_name) values (7, 'Q804 GVIV4OL7261XY5KKGL XXD8SMI9RU12H4AYTXMH6PKMY1L7NJDULBNH8WEIJ B6B9CN520DL3XX5XM03BRWL7R60W4N6JTY7QC DWXT6DY86C1UDJFTTA2MJI56BIBLROX2NIAEL8DRJP6X90I4GVLI86XGFYU6W9358T YKMJJ4PPXQ3OGBC0BAFQ21JV5C4Y LG9YMG0QL NBG9NERRX0JRQG9EYS8GYG09VVTTL9RO685QN32OLRG72');

insert into author (author_id, author_name) values (11, '5SIWCTPAV3DCHIHWKXLDKY3L197YW13FFMFFEWOXUHWLX1W5BFO7W9C6X8WWSN8RTCP4EMOBRT4CF8M NF0LHHP7N6Y8YG5M0H98O 6CFAECEL42SL3U3RL6B2EUQAWDGCRJSDM2L2OH5AHMD8O5K9FVG6CLAW2866X2WPX MGKCMXRWLCPR3 TQ R2SPCF62GNKCDKF F6CV5NC420UHHVC6HEPDQ5ATWPLKWSKETIOM9GHDOYRABLLCLDP72D');

insert into author (author_id, author_name) values (14, '2 KJJL3CV1TY10HUCOQAJLPFFPEE0V03XQACF CKSQO6HJAVD4VS10QHSD7YTM30O0T SOXDUY6SG3GWQ5KFGVSGKI2P0WXWM27NBCCKNG932XVQ6FAHD0R5FMFRWY DHDWC23GCY7ANO3GX41XOE9BF0LJEFSP8PVE5HA1IF0SI1OJTF8J728POG1ESRPL3V74J7E2R1W1Y7HLIEXDX210Y1PLV48NWNA3LW1VH2EYR1LMWB5L3REAF6KWECJM');

insert into author (author_id, author_name) values (8, 'Y4R01R02G5 C3UX4Q3IXAOKXCIC6H2JDI4A9WS4POE L RDEPITNBBIF7ROKG5KAI5A3QK2V 6UO3SDIIYMH9IG31QYMQM8HP8HSAUOEV82MGAU9T3A3AWKGJK7U6E900423NQR9M8BR8TAQR9NS0A41TSQAH921PG6YMU5FKOL3VULKC9FR56EXKSB6DLXXOSC4K00W2QRSXQVN3V5S 7WLH64A00J1RWVHNBR4T8662ETGDRPPYQEN0BYB9WL');

insert into author (author_id, author_name) values (15, 'EL97I8GAKVJV7VLF7ND8R4KF SQ8F1J142JQC1G914LIUP 1XHGF40MQQV LHT7LXSG95GW22JYOURTUP74X5OUMSOJHL57J6BO45TIJSP0K7N6LPOS4N3ET9MWPQXPSVMA JT4NTOQ47VLV4VTKJU50NE52EV39801SSMJ1OO8IJNSPXLTMSJW8NPFS2N5RVH3IY7EECQBGWM9YPPHACH9G25R8BDH5U3BYVUJUQVEAEE4C8HIOBPYDHSASOII');

insert into author (author_id, author_name) values (18, '3RRJKTCKL1BRRD3U8S50EI852GYH97GGOY5CCE4T2VES3YIC4PD1420RWIHVCV0P30CXP73IED55GW2AV 3TU WGJTQC6DQRMWITQVV3Q 8PNWR4562B0GKW8P858GCI0LQV3OCHKDGS7U325UDSTMGVVB4UUK 58TOHHD4UGX25DQJ1AH5WJO56P2F 51DH7G2L6L5JD3YJL10P6233UB95Q50VI6ERE0BLTE2S1GOGKL5GHO1SFJFJ95L G2J');

insert into author (author_id, author_name) values (16, '4AKIXPXJE 92HHS6SVFFY6NXPR9F3NI0QMATRL1LK2VBJOKNIR0 C6X41CVI9WQOOBPAFPJAO2AK0 BIF4 R84EXKTHGOYI 8V17XHUHYG5P90NPUD 0WWILF8HBARK1JHD0HQ P4KD STYGXWDYIL3YDN 8OSGYJF5C5WEYUK27ILQIKW2L6QPPTTXIX7F0DA8GO1SWQUY4RRJRE504F83I8PG0RGFDA6U0KWSVPCV8THYW20XL8R6QD49HQUQ');

insert into author (author_id, author_name) values (3, '4UQBSW9DIRKPHUBLFM849UI A8L0BQJX7S0IDV658HLCT9KDDOBPCKT0HBEO9J4 MW9VT21QEJNFDPJSHRW4S757G6S5LJ1EKH948C77BQHAQT4YG2L4KPA NES76D L50XDS0UBCVK1 EY218EEJC67KD1UO07J3XT6FWWPMGEW8G1A9EP MMQ1V0I1CHGEJONFADB 424S7LK2453D8JM81X4A2CDIFJNIUKUE92UE23DCQJ5VGT9SOH10P3Y');

insert into author (author_id, author_name) values (4, 'PDC5CCL2QQ1HVIU49F9EUVKYYCK C0VHEY0RVYTKASYC705CCSEEVVUBGQYFUVA UO1TMEBASUUX89L6 KUWKC2HMTTG9OJLXB8NNW6PEY3A3IWKQLNSGHMW1W15M9FH36PW5XWECLH6XF1VFWSHKHQ11J Y72DUAC2EJ 7A3INW4CUES05D876P9W9IQVJETDVSILFV8SCM US1 90YL7BYQM9QE DM4M7XBL LAD9RCQBEGR0BEWB4WEF13IA');

insert into author (author_id, author_name) values (13, 'UYCT4YITW6K25H ASFXM EX4O9K7PF7 RF9J5LNNGGIF4JC4UEQLYN6V4Y258T29FVW8 TXKJYELNWY1VFQIO9WLND0VGUMY4BNEV09U0NHP0JXAGBPQ2YL0C36FEBGCJVUXW9006XYENIQJNFH15TL7ILVFSBECQFEK9T D3G1F66TXHI5IR4YRIAK2CLKMWXJ3RVF49B KKCJUU9NSQ4E381X97XV6QT5H5395UCII6YKWTT8NI4MVPHU79AP');

insert into author (author_id, author_name) values (0, 'EUKJC4 W98LAL9S4X73 6DJJN7H55GVQJSJQKPH5313K7QP5RMMT0YB520NLP56AQHXEED AK82SVP043AL3UIJL Q9XAWSXGJYCLM9APMB7X7RVDQJ8VX6DHKP81BD5PKN6QOI2VFF 8YGD9994Q35J905HF4GN1Y7L13PM4VG MVRVDDATKWQ2H9KHM7459GO5USK1FHSJEBXY45EMFAKEXNAEFXR43MWNEJBV GIYVNN42BX1LXCT4GIPHHM');

insert into author (author_id, author_name) values (1, 'HDROINR56UGHCT9SEPW5YRESBBF BCR4M R3U56IQLYYB86416D086DGKV23PE6THW8XVB428496NLDL7K8RJ8G3GSF50RL1WLSQUSMGUGFD603GM4J0S3N5V3W3KKXL7H6 E1KUM3PC9 N1K8FOPQ6UA1DP8HWO3D7BP95AYLOSPHCSYDG59XUI82AN3JCY3WIV9HLP5OOR9L5CO2EVYGMSKOY1SBD Y1FIISEWIHU FCEU24I7P0O4A8DB5IY');

insert into author (author_id, author_name) values (17, '2RC 5HMHSJMA72VXISY224M3KGVQ4XN09YO6PO 45UM78Y455IUWW1OK0TSKTJUNY53C13 4BWLGRL0RIPVVSXN30DHXMWO CN3WFEIA8OPFA8T32829CM U8PNW4 O6 IAX4P286UA2UTMJCH1T31RJLE87SC69LPTCYX4WMISKC BBCNPK6MBVUG4XVD7K 46073Q KE7FLOT33WRTII7Y583XA1WOUEMVRGRNM96RJ5RH6VUHPI LER1TCPI');

insert into author (author_id, author_name) values (10, 'RCNIFDPI6AY0BEV3TFEG98F2DD0UNW0A7K WAH363TDKY6SIRKMGQIXASDSQLK ENPH290LNDQQ0HV0661JJOS699FTBV4OWB6R53A7TM3OAN7GVPVLEE YFNREP92GB5NY3LIHMWWBBLQ5XKDOLA9IS93RRMYDB54V92SRETWWJ321ON3DDCONPIQBXI8SKF9BRAUAHSKM822W225I983IJA3S02JAC76SJYKVQTFSD5CW9IUT9I8D9N7SB IX');

insert into author (author_id, author_name) values (19, 'G3AWSBXXKAKPFOT6T1IOOM63S3UR678K1NSXAU0KKV DMCGXXUEAXHFEN4JJ8VA6LXDG3R2I2JB2LINUPVQPP23O8OIRGYUH9U4CS72U2BU8LXVDIQ5U6D12HIGNJWOHD C9LYK9GCTIAQ7DWOYC006DWEO6B 44JB8SRIXFVE7MAW6WJR97A1 EI54QWQVDMOT3BMXSQV4NFI88ARCNQEWU75MT2KE21OBCTB5NB4R7B LW3RJKS181GCB 5H4');

insert into author (author_id, author_name) values (9, 'G8N7A9GTSCLGIHHM9QGIDSTUVRPE H23PXDSUQAURO  JUJ940OG4SA060L2H3N391QJI9E0 1QCA7JKHECV4590H4J5H7LNSMNGICHUQO5C9WG2497A7I7Q961CMEPB GU5MP3IJGYG 2CJBBP1UPDYK7G0C206LNJP UKHPHAEDAQ7LNVJD6D 05S0T7LOOONX9N613DE4TB8CTQA228IKQO4VENIP2CX2GLGOEI3QPY4LTWMQ28HYSV4J5M ');

insert into author (author_id, author_name) values (2, '0PXAJ73CUP0NGMGG2F L CWULU05A3BJEYCM4XOUK4XYM9LJTGHL6HN5C0QT9JQ3TIE4WC4SER1YG3O AEEW3AALRUE 8TQYRSP1UBP3XEWE7 DC7LONA3 QC V02R 2I6H88OI48C04LWUWRRJERYYE IBBM0CFDF8D HK9UGCRCVM A361TK1AYG9XTWURALB51AORD5XBBTEVO39QLKES10Q9BAFXFQ AKG6NRA0YR9TUUROM5VMRMKT2BY1');

insert into subject (subject_id, subject_name) values (5, 'A9RH8J46CVDO6NDAXCDRGWPL5CGAJ9E20AXSM  NXB2KPUSXB WD9XCKJ6ED LKD0K9R65LKNAYYN6IUW9F89R0RTLJFDTRQBYSF1PDDULS90UAK8FUPI8I25MLLM0ET4D1I VV3YB8YI8X1MJ YXMS ED1J2Y01DQ1AXALY0 FPIP439729AGO6VXGOEP2WADHOB0RCQHMLWM F4BQUDN6WIWKDNWQYNH5BSYA88HEHH469NJE0WCQ1CPMJLTX');

insert into subject (subject_id, subject_name) values (7, 'Y12WER3XPJAM4X0N9VT7ODDXTI7H50V0EIJ5NULQQ0G823B25PDGXU2J6SFLQ38K34V31RG8F5PN42B2BWMVUCQ4U35GLQQGY9S 8VG8IVJPWYYXPUHDCCKEDSKIB7R04KPAP3OUVVYL WJKO6K7BP9222M2XKAVNCL85IVXC2VVVJTN7JJQX O6YHGKVG NT86CSBJOVVCRDJPPK380DJLEQUSNY1PMYBRVDXT158OMN91201V8P1MMX41R8T4');

insert into subject (subject_id, subject_name) values (9, '8APDXI16 2K DTXFIYGW8B1GEN1Y7TYGQ5GT9R JQ5V 8S KR4Y82MU1D468CV3KRGW3YAW5WAXEWJ36YMKWYSNOV3CB0 Q3IOSA6DC9VM9CH3INVSOP7EBS4MDB14ETI50RYWNK666UO3N5JG15NV6MBXRAAWTU D2T97C55S3DIGU2SQ4CE0XIKSN NPCCSMS2M7BS08JHJSD0W N8UB0R AYGO9CGGRG07S24CV58 F3YTFRKYMWJ0IHKWQK');

insert into subject (subject_id, subject_name) values (2, 'N7XH LRHLAW73RGMREDU 67REDM13WCS7DE1G2OV9V JBRFE58D0H9A3WAM D455U1LPOPJ QPIX7DSXP46EC5J3 E3WYXCT8W1O61Y1N52D5YW3X2V2AXY4DSQDNHAS7707VUENOF0YBS26W42F69DETAVX2PUMT9WWSS0RUET MHIDMBK3HT5IX84GAPD3X2C7VWQFL9DW50BIJHGQ DSHASNQ6TBK927M IWM7Y3QP4GV6FDODKQU3VT7652');

insert into subject (subject_id, subject_name) values (18, 'UWPE6MHGKV6C9EOJIJJPFJ00AQE5BAKB2R2S5IGJAAH5A5ICS314V8DL7TSF1MG8JLQORK5K0U9TROL3Q0UBRL4W3YSL307N4F5TGS37Q6F3N0XXBV9CWWRIVFBOPIIBL6BKFPNJCCOSX1LMKRLJWJDQ8ABV0Y06CQL0GKS1IWN328NDW0386G375IKTNFN4SNE6KEXIDWVGRG405AT2A2FNXCD6RB35XS39W3MYEKCAI34JPTWFG5D 5QIY2KI');

insert into subject (subject_id, subject_name) values (14, 'PW6 FH6MHFTXHAMDWOKW7T8J ABH8TV UXFT6EH8JEKR85DK5WGGQPOHB2CE5E1APYV3RIWYAKQOF1E0J3346P5URRGBBRJJK0FP68MPGEPI6C4JR3 SQSPR7B8KFYF9WRPF3 J31F7WMC6BQNTKFOCIXPCTF62RN0EKP5D1V8C9PHCP0EMLAANFBWKD0TWVG6FOJRBF9YCJNOGORN51H5F1ESELW69SD712VEF3E9A4FF WES97JU10DC3KIYH');

insert into subject (subject_id, subject_name) values (11, '2D8JGUGS94UGF OW2XXB2HMV8QFXT3LP9ADIFP0OWI5MGPF3T3V7Y9EHP4QKMMR10K3YVWL8F5HYSK97TL6FSPC 9 J2 CW26YOYQ6S5H4MXOKPEQ5 BJ FJ0X33H48L93O0SGHXIB ANH5A3FV6JCGK7CDT09 3L31OMEPCUUNWK4XDOTEM3Q8B6A2U3L9S72OK47A20SLHUUIY63DJN4D45VXC7UV6UR91LJA4S8TKRW45ANWAF1A4APLLS48');

insert into subject (subject_id, subject_name) values (13, 'V0DGW2JIDI60ILTIO9GJKN9YQLD5SA41BPS2THN XIKVKQ8KYK 8LY 0CM5A1XFCND8PHVFLHAJEGMVVCUBN A3J05QE 7LT9JTGIYUDIXQX2LFIU48T43THWOQ9PX9H1Q3AR4UJVTOX0WHXIQR2PF8RTCTL0OOQQ0SB PYQ09PD M5BRN7EW A0VEXMV1PP1SQBK8YKWU07NAN0 YBQSQ88RH8WOHTDYQPLPSC1SDNDCECAW0GIJBTNC1YMUJE');

insert into subject (subject_id, subject_name) values (16, 'R7U7SXMYL5PDYUJUBCY2M8T7K38J4VX0UUQOIMR9598OSO6 0XSL38B15T1R98KODO92RVBXQB8IFBNFM2DCP6Y2I0G QJFWYM867RRV7P PUT5LKB2QBL0MKLMVK925PYU53CMAGG2P2CRROBHSWWQ LQVU3QJMLF5P8M0 ALNDK04SRVH UE8M7M1EU39O301N9ULOU3RFF5VIYTA5JA5 Y012Y9D58TTIQ292KYVW8TQ3OG07TLEIA3G2QDQ');

insert into subject (subject_id, subject_name) values (6, '94J5D0KKBXT85JIWP8OL0KIMLMS7FH3V47GQBCRV0GVBM7I0789DC4897IBGJQ8WVO510IMHVHYOMERT2XE6FR3C3RJDTK6GDFY69Y8D2D7BMUIM1K YT8AY6K43 8EVNR5S3I4SBVNRPE8026A3N0F75LQWUF59UFY06WTGP 6GWP5B4OT7IM8VBU5NG 1GR EMXH4ADG30FPTJTU8P5K76J187LUYJTFS7LRKXWO6LGFMU0D2LB1K9RG58H2C');

insert into subject (subject_id, subject_name) values (10, '85T61NUWNN416W73WIYNX7926MCT9WXW9Q0GP9CROEMJNXV5HU8ORXDXTV4FCDUNK5F7K9G51DME8IYOWCB7W4V1XDMGGVJSLLLEP116142JYIEUTDUUQJ1CVJ49HKCCSAK9AU96CFJKX9TACEEHR FJL9GRYCD1YK4K2RDU24PO4UPR7M0OLRJV9QOHVSX K4WN1SP22JRDOCFPPJXCGVKHJ8FX8KDFQFLMD555DXY4T7FW512PXNWHSW3HRGJ');

insert into subject (subject_id, subject_name) values (0, 'V1F7IF4OG WA0ICMAX1AXS0G1ODRRO1G6RLH5GVQD333GCSIOGWJ86668IMBVM2T8MIHR31LGXA9 G9POHRDVSO7AKQ08OB6NX2O36VSG7NFW6FGTRU3845KXDJF8HT0ODQA8BPTGLQ6O5S829 7V7C2475KMDTVCEK6MPGC6I87JRSNYAN48G4TY175RKYXUP1DGYED7FTJ4NCPCWE2GYEJQPD4HCNXT5H8BJU65XHY2MYL06O6UICNOYKY1E6');

insert into subject (subject_id, subject_name) values (19, 'CR7 H3UME4JTEPWPUYQGSKS0NQO2F0KON5R7IATK9LM4TL9 U6UHDLEDUS3 JAVSTID53KLWYBOBR7XB5C DTMHIKWBMBRF858AI4WCVXCTGYH40AUVQQ8MOPEIUO3S7TSDRSSBL63 DCKRM5325K49G2HIG0U 1B LUC4X21PQNKOQ5YVMXUGW5S745WW5Q0LH7UXXE19J3D1IFTIY2YIE7XRJ5RWCDSNHYR9QNRYP UFE5PNVHCVL0GC7ENLT');

insert into subject (subject_id, subject_name) values (12, 'JDYTXI3UJA928MY6OKNDINWMP6VXUYR5SS7OJPG8O6562158JOY6DL0K52RKCKK8J8N2UA8YF96BAH0TSMQ EMAMGJ5BTXP4I6 ERNE7XWI78FFURE7CG9EG2OWWSBP5WKAD 965441NRHHXQXIXTCPADMJFUFCCR7RVAXC8H0F5 T5PK1K52LVHMS6H AR340HNBKAX3OW6DP9K1Q1UCEJ10237WS0LR8VC4R1NLN2EAY8OG7N7RD9TUFC2GW9');

insert into subject (subject_id, subject_name) values (8, 'FQ9NI6WVROON8TU9MJ7J6DYLLM0TUQ2G6 X6GS7YV7S UFC8GX  0TXCD7PYU2I4E47X2TAV4WXGR3IVRML2INBGNM549TLM 8KN5D6 43 3VGC0WE3F4XBJXSRANXBMO3LOW37XMF5QK86NQB62DRPRIJ8VTLBM79JCJRO97T27L2PUUWH8EPUR4JVPUTJA1NYWEKKMMHGYY07GQTLLAM5XAQJXSQYI2MUNKSFNFRA5IKWG2XB78FBFG 9GB61');

insert into subject (subject_id, subject_name) values (17, 'FKX50AY4M10SCX8YUNT6SG VKS9MH0OQOUMYYXTLLDA81U5RB7G59U48FGOP5N6BFAL3XUHVY79KLGJP7K8A921URGWXGUSOY7TCFQWB1SRTOG1HHOWV9GKYXX62F2QTYVVWAIRBORLMYF56UEH8VDXLJ7RV14GUAK64XYM EI FWHIA0AC3AAEYF IX68L241KHCLGMNQ8KV0F2NSYDSSMNM I4M3QVF6HG9LCE9 0 4EN8I3GMJ9A50P2TVVO');

insert into subject (subject_id, subject_name) values (3, '55MM2KFL1WR4TVX6ET2CB3CMFEPBAW462H2XL3V8TR8IG0H7Y7PDQU67MXLMS7WD0IV9T7HSXOLJIGS0MXIVSTLDPDEWDJD6JEMBTFAYYXFRMFKV0XW9I5R7JJSPECBFXCNUYO0CYP2WVNAN3M9CAP292M11N78MRR0W9RNNONNFQ2IYJ7G5 2Q1L K3EQA3UHSMUEIL92LDHVI21EE5E779YCC1IGM8JP QFJIC7I13QPHQFP9YA7UQLYWK4FK');

insert into subject (subject_id, subject_name) values (4, '3UDT878LYBRF7JTHILPQKD50IB37S76FX8YU3LBLB3RLYB7KB KTF9U3L7CSNB7FE5YHRIEICI8 CUP2DKUBE3U XWR LDGKE0164G K2TFS02IXANA86 1L8GVG YS183JCWJKJW9WIEIXC3JOV8PPP35Q IRGQ3BI9WFHEXU8VT3QBWLLCEGEO8BUGK8M4YWBYNORTYNB 7SF8K6WE9S1F6KVGR0IYSK0HJ5CCAK9RVC2EXT4YPE2ULLRPMK9');

insert into subject (subject_id, subject_name) values (1, 'OJM0L5I26THPFCWWF2KFFW2D 984BG9GH1VYOCU50GJIN82T5LJVBM721UWY9UI20 P9A4EH9O6SMYMO7L2V9E9YFTORS1U4NG7KN4173FD50J3HKR2N3WGXX5IGUNKAUF81QXNKTT1RVBT0Y28ECLXWO5Y1OGYJCLTWXWHGONDS5YC8THBENLN6M1B5D2N9G0OMLGPLCQN00WLVGXYPBAML3RC4H3TEOVIC6H8JK8HTJFFC98C J5EHIS4OBPT');

insert into subject (subject_id, subject_name) values (15, 'RIHIC62S12U6DQ4DBNK5O1YRB1TRW1WP1CF2GG0BWVIQ221O1YGJTFMFPO40P89LWE81E2879Q5HSJOSF5M0MJVBLSLQ86ATMFP6BBXG6DEAXOSW9Y0OWRB57JB3IWR4I36I7CSICR96VO9UEXV2Q8PFND27OMM55UI66NY38FVEE1QD30YKNTPARX B23V3TS3N INTY9EBHXF  HCM8RACD09I2 2W864NSRU8UA8COG2MKIFRPN 4AYILUY7');

insert into publisher (publisher_id, publisher_name) values (15, 'TXS2HC3IB80YO8Q3E6BNPJBXDKDGSW85FNDF 3UL1XCYVPIKXB29T92WK4XM48D0XN08AW28RHA4BA9FW0R0AYAINLIAG0SGU7AJ60BQA1QV9ATKJY TPIF6542DJJ KNYTUI4UDJNI0J9434N 7XBIK61VOB Y9KGWDWU873JVL0WGSALYE2U6DIF5RIHGP5IILEX06LVQOAJIOMU9U4K8DWW4ASJ6KQBANXC1K8UX9350KLU02W7VBTV9TBJU');

insert into publisher (publisher_id, publisher_name) values (6, '8HX46FAUR28X LMT7QGLT23MFLHSAI1 4MNLNWFUW M2SF6C7B7LBHPTCLTLS7KL2YYAREX9QH S2217V7883LCUWEK3S222ALMUN7ERESDA0145T17MW5 W3HR7J8C77ARN4ENAOCFPUSDJKLKKO2KGTRYVQ33AEOONON8B00WGYSHP 1AW8JPOAFQKD6A1QTE85OC9CKFOYIIONAU4Q0NPW0WHB7RJ4BI7W FY63CUM5SW9RRX7XK 414GONB');

insert into publisher (publisher_id, publisher_name) values (0, 'MRWJAH5FJ7G0QAK2WOON 03DFEEMT8T37ON1ASCC3 4C3R1XQ053N1BEHT9WMJGDSCXW3XQIYXIPDKLNMVHWRXW2PPYHORRXBDFVMRLUS9BLW1K9CHQF64WYOM3YRP6DLHYQSDHUYXRX845GIT 9CHKFGS0VSSNKNW2OXHIKU3M8TKVSTCG6EGAWR56J640OBANJFIPIDHARMP063JD A538CLY10G13CVMSQ WKWF5D5AVETJM59CLWBLTDEVM');

insert into publisher (publisher_id, publisher_name) values (10, '9 AFC96G0LQ19YO6B1SI6AHV5TXU M4HG2Q63UCR89ARLU3N2GUB19MOIQRA795RAD0YS37PDC2J3DLKLKTF35IBJ2V4MN56PX56SHET0IQOUP44KV7UF1E78RYWHWV6MS02DXE RQGMY4694OCRIS5J2C2IT CQH3635P4D7U2L6BEN5II7C98YGD2NQB1V6IBH5P29QHTLWFBHLI5P8Q6UEKGE928AB8TQNF7XW1WWNB D2WPWQ85DSDGAKFP');

insert into publisher (publisher_id, publisher_name) values (12, 'Q6H73NSTTXULNY2RM7HVMS8CWNXSIMU200DGWG9V5T6PXP31EK1QLOM ETM02B9N9AJPS48GTBMCN103DSAJE8QDJ9G9NGXIQVNU46NXLBFKLK NFJ4FIW 4IJ9WS5T TXEA IEU0CMBAO2 PVM2I62MMV2TT916XFICCBT36Y374PJOLEDOJE62IX24EG21SRRDQJTWDNMHUJGHM56 Q81XBA09IQQX2FE7PUXJCD7AHQ LHWTU9CRIRFO0CIW');

insert into publisher (publisher_id, publisher_name) values (1, 'MNIS98W8SCU7YW84AQF2UBCCSAMVTH0KP I4033UP0GQY 7OQXOD6KM5HNIVOU D8TOGUN3V MA EMYT4R Q3JNE47Q CV6DTONQX2HNYIK KIH89XW0THF985DVAUFESBAXQK385G2XP0RB3MJE1 V2TNKSCR5KTL5305LKES09ELESEQQUL6S 0UQ9TN2QCJESUCU8S6S 7Y20M63FF4X9MAVQ2TNS52QENIQETS5FURRVNICMLDDM2HCRAAY');

insert into publisher (publisher_id, publisher_name) values (18, '7QDSQ23BA7K3T6I7FGV1P3452G UC9YA20FNALKIMMIE3735UA0N0F L V1H7VREMQM AA5U2OID07 V568K1JQLGLTPRMFK0MAQEAKX6V59 JHB9X4O5L TQ65TPRJBTDDR3HO 3R1K1KE5PBIXC N4F6UV8FLRMUWVMRJ0QKL519J7F Q9MUKDKBI8UYNTD1Y6I 0N1AARIQC4M6DNA7B5BTQBDI CVD1P57COG4G4XY9DE6I8XOPO5FK20AQ');

insert into publisher (publisher_id, publisher_name) values (3, 'BU6GX977GVKWPR3G72SCXY 4AWHYOKL84SURFGK6HQPPCOWISXUQ88CK9U64ITBH PI0TG37Y2YH7RV2MMXF2IHAQ4QWEGXE3YOLU8DPREC8D9WV2DD 3NI 48OKS9CFNS DM6K0GDPYROLVDBAK1OMJFKAC7U FB0EGAQWJ WA X80OW8GHUQKAOFFH37ERI7JGRKBRD78 HJNGWG6DK1ALFOORCKIPDMS8K19KN0JCRYKRN6L99V93WX6ANKW');

insert into publisher (publisher_id, publisher_name) values (11, 'WXFUDB1TJ43 2LM09FALPMQDF40BR3NNOQ2XMQAWRJ6KQ64VF48RW 6CMGVG76XMRKXCSCOULLH7NLX8FHN8JF2EQVWGX18V20J5G2WSSAALEKN4EU17C55K2URB1 7LRC0J78 KXTDIVPJG4HG2KVQQ9FV9XREBB VMEXGALB3P2LBXY98 WF9APKQ98J0E9U374PRO9S9SXRB98 VIUFWR6I6LF29F9H8BV1KOLPV FJTF9QEH68UYPP8N3AH');

insert into publisher (publisher_id, publisher_name) values (9, ' Q QQ16T6GPD3GT29T7I8OKOD LVCMJH0VA2G11B5CM7QHHI WMXJR5KRPVAY 8 ULWFQEXF3TGHR0YT8WHC6AILRHATEGSRUPAHHHCY4M5 J426I 06OVNC9766GQLV4NFR9X8QEIH RXW0WT0G1RCS1YYMFH0QBT0UAMW4MSHH0VMQILU1NFFAS35NK8KFDRJF9EFRYO5 UF2VBC RBA39I09J9KD2DEUM0F8UJDDQ7 7C84IHTF6U7SPWGWN');

insert into publisher (publisher_id, publisher_name) values (8, 'K3J8S6WCN9AU4SGH81MIEFOPTE7OG93DMCWUHBWECBBWDLSKO0HO4Q8LHG8SGG8EVRT97 V6Y5JL2IE8BXLYPFAEHMGRI61CGWTJFXY P6FKL F7M1CGAL36OHOTLPHSN5XDPU275JPN11CSY688U7GOURO3FE5NWX24ODTSHTIEPB60USEP5LTHRQN7KQ7D6I21XWYJ1OBE7 TYL3BFLTWN6XQCWY6ONMYWA4E06TXVCCVRB25TF356NYY0DRN');

insert into publisher (publisher_id, publisher_name) values (4, '4N54BDU4INBFXYANDCQ8RSU6XHLOLJISHTMWOOKIHL8XFACDB4E2CXJFX4TQ8OPXD04KD42N IC C8YVKU22K13YDUISXTPTTJ26LYDU7 LDANB7VPTWV1IF1RV3YAPFG0E7A4VKXFRCFSYLQF7Y RLDTK7P4R504TBMB83YTX7EDSN3XKV6JPX9I4D0I73OYF00184G14L RHOPAQX4BPSSDU9R2 XUEX9CQVY1EY WCUFM283N5B00XBKT5UG');

insert into publisher (publisher_id, publisher_name) values (13, '0URKEJBRTOWLVHGBH93PGKQLF346I5WH7VYGAQWTDVA6GYT98G U5 8YK742X9Q6380H3XN2A7XNVF7K2YRGYMC3DL14CYSMH98CKEVJ25CNHHAO9L3SMNEDEECF3AKFTYUBUA6LLRCVKN3FO93YYCAG9KE6SKORM72Q0D4PICRY447LEYB8 XBCS8IPNXEQ40ACPMHLP8FYCG4HCNK598NUD5CJTIQRASY9LIVSUWYHX0JQGP6K1CA009X565T');

insert into publisher (publisher_id, publisher_name) values (17, '47FHJ1MT6EJYJGECE3V9BK1EPFA1E8272MOI2S832MRBS3NHR965M2U3SS5LB4U 4JYRPBJLFRQ3C3U3XU9L32M9J85CU692B9E134264PJNBYLVWC1FP7Y9562CYWA5HJOHGALD 890G75I9J9LHJK6YNDNPAKFOHL0MPU354P1Y7VU62H57NF82J3AWAEK02G5EI7CXLFL3UBPA2WIWL60FNP3V 33LUKVOK1AAEJ0CDM83V4 0M7M99QU NS');

insert into publisher (publisher_id, publisher_name) values (14, 'SLIQ82MBGOWUOPM5KGSK2CU9PC40 N3 YQY70O19KSRJ  JQ0L4CTRNCIQWDUA35O1KYQ0DI8THE IE2P9FX2VEQD9LY1P10 DVLP0OJIDU3AFE9W7EC61S7NNQGBUEX3NXDE882RBX98SCSSRN6UX3DC40M0LM31L766I HIDBY38NMUPTYQKN8DKNS0KWO8JRYLH H0QK2E  4L0AUID 8G5P6O7JBYU9DMXBP6BU3VXH4KR6JQUK9R QENR9');

insert into publisher (publisher_id, publisher_name) values (16, '3XJ3RTF6LU7JKEQ6VJ8N181WIIUJEDUXJIDPW6T12F3N5G IUXAUMMTXPM3LK2HT JGXSKY72BCYQ80OTLRGDAQWYHFCVTOB45VCK8S9SEESTONOB6SOUCHSEJ9CD8Q97XPBMI3KMFPXVHPLR9E3OOJDQ57GSV093MJFSY951YSYGQY6KDD5A356YJ AU0PXHJBY5QN4D 8XLFA4JD19XA969MB SCDDN85H5H3TGBFRSCG8PHTYWF3SDNG9L2 ');

insert into publisher (publisher_id, publisher_name) values (5, 'I2QKKCW5VDXNDW13E5L9 DUYBQ0QJVR2BLV64UY65GYPUB67UOHJJ76B5FG8Y80E8L8DR92 IOB8O01IM60IBXANSOGLHMYG9RG0YK56K X6H1OHVV9L0GBN 7Y1 1UEX1VBA79F5MC7P2KP4TX90KUGMHW0XYHP3A9C9VXB4DEVTSFOW0H38SOUXKYI6UHVG29UUG 7DEUPG2RTH   PALH40027N84EW2HLACNND8FT90QGQAKC9M7D8VATP6');

insert into publisher (publisher_id, publisher_name) values (2, '7GUY3WT4AIO7DO4MICG6GVP6S RM343JPTLH33V28FO1E4 0WDV1QLBG9U6FI3V8FBOAOGEFSTDY22VCRO492IO7U2LY5X8HE18FXJGUM0KOR6EA2VYLHHHQ5FE4S85E7 UMBBO7OJVW4LUEGIYSF1VYKP0BJF4YOMUR0AJUQBX9A4CKEJ0M08BI2UE7ELJVSSKVU6O91D84NPU9D9Y9 H69BDLQA8DFK5FD2W9D4F5KBL6SMXCN5KOV95M54TS');

insert into publisher (publisher_id, publisher_name) values (19, 'LX4GCGDP98PY2O89P1AH77JBGILKU5RF464NKD 8I2PWH6XPO0V IPSR2YD4R54GA39D78NAM5F6KS4PTT9TQ1XWF8WBSGSSXQJOIH491UUUG9HL4GUOLUB1SNO5GQ4V8RA3DQE3BIA0BG8KOIXAUY75GV5NGAH99DS7DBVQJFBSKM631M4PYV21YXHFNFUGXG8LEQ JFW7NOTSM7W9SITL3YBXWLDEBU5GG99OPRQ5GU9GYHEYPXVPA3EFGRJX');

insert into publisher (publisher_id, publisher_name) values (7, 'P0KR473WEBMWVG71KO8GO KLKD294LWLN5 VQ4 6SOVYT74JITJ SE3AH8ER7NQ MJNRMHVXV2TMPC NC2HN1TDIFBCIV7D50LBSB8 4L6NJY3F9R1UJTL553ULVBJ69EWOLXEP0DA94TRBPNXVL4QRPM84FXSG PEQYRDOR4YKVDUL0WPNP C1KR65BL0E6Y4N DWN SRAYMOF0COTLQVFMB53LYYWK0IC5VCOEM95 X95WMFVDT64OK52NLHV');

insert into book_subject (ISBN, subject_id) values (18, 16);

insert into book_subject (ISBN, subject_id) values (4, 18);

insert into book_subject (ISBN, subject_id) values (18, 9);

insert into book_subject (ISBN, subject_id) values (2, 16);

insert into book_subject (ISBN, subject_id) values (5, 6);

insert into book_subject (ISBN, subject_id) values (1, 7);

insert into book_subject (ISBN, subject_id) values (7, 5);

insert into book_subject (ISBN, subject_id) values (16, 8);

insert into book_subject (ISBN, subject_id) values (7, 2);

insert into book_subject (ISBN, subject_id) values (7, 6);

insert into book_subject (ISBN, subject_id) values (13, 0);

insert into book_subject (ISBN, subject_id) values (6, 14);

insert into book_subject (ISBN, subject_id) values (0, 14);

insert into book_subject (ISBN, subject_id) values (9, 5);

insert into book_subject (ISBN, subject_id) values (4, 8);

insert into book_subject (ISBN, subject_id) values (3, 19);

insert into book_subject (ISBN, subject_id) values (12, 14);

insert into book_subject (ISBN, subject_id) values (3, 17);

insert into book_subject (ISBN, subject_id) values (13, 8);

insert into book_subject (ISBN, subject_id) values (13, 13);

insert into card (card_id, student_id, activation_date, card_status, resource_name) values (11, 2, '1044-10-23', 13, 'KCQ4W5 XLHCD7RALTCYAU3Q35Q52D C69BWHL2BSLET2AF 0TG7JWF9LME0LQDTQYVIDGE6DEGSIW3MIW658VI3766SLXSLGC5BG3MWB PPWM92GH7HB1NXBTNYXI4LEG93I0CWNL 5O50XHD6TFDK2N9S8476NMYNV2H4RHRLRARL4FMLE5OU4RFYO7PU 7BYXP8QSIDWP2FKSCCVHX1C7611KDL6WE8GADYVXT3ODQJHH81S33HLRUHOG1KFV');

insert into card (card_id, student_id, activation_date, card_status, resource_name) values (19, 9, '1599-11-28', 8, 'BAVPXFVNQLX0 9V5Y24FD4SQ4DKQQNPYCD6OTL04SELHYOC54OT63YWKDWMHFNOUVSGW6EXELMFJ3CTOY0SUHEDWUR XA3OD4Y6AINA8 EY0V1BS  RR2S57A56P035UCQ8D3D4HOTMK223ALQ2YPHVDP931FWCCIOL4OFY0BPY7NIUPJ62F1W95HLVN5O QMP1K4 01UGQI8P8KKQQLUEEGAWF6KMF5D9K1STXG0Y3P5VKVPEO74YOKTVW7QDX');

insert into card (card_id, student_id, activation_date, card_status, resource_name) values (0, 18, '1441-2-13', 16, 'IDCP4HAGLN91NVQNSE24OT20QPTO2BAFTGC5BAESWQO JKVAQN3M738F68DJSHIKCGVU490  GS73IFY7IG66NXAY771RQQM8BSDCCGA6V 9D37SWPJM1PGKW14RCY5BPKA6A8LHM T0 SFD8I0QY0 HGORNW0I48A0JQIKJ9EP30682UDAIEH6J7A0WS18TAQXALMYXEM18M1SHC YEOGTL15NKCIRF1UBC V7MF T3AKECMT0H2AJFUDUORI3');

insert into card (card_id, student_id, activation_date, card_status, resource_name) values (1, 12, '1706-7-24', 11, 'Y1UVL719HVM4MWID0E2F2NDLU8C2EFFQT XY9 S56LP42X4GIDNIRK1FGPLCC5760IWFGQAI8IWYN2XX2UPCYCAI8AQIUTQ7OJ3MCR2M8OCPXVQECUUYLV34HMX ONM6BT16GAW1YMJJ8 FW8HXT2V8CT6QLMLRTDQP8EX0H42E65MRV7VSBWH3BJ 558BSVG6 B30TRY1MX Q63WDVOBKLIUTK17F36G0TOC1DHG58R5EKS5M6UW1JMXGR5D8G');

insert into card (card_id, student_id, activation_date, card_status, resource_name) values (2, 0, '190-5-3', 7, 'PLO91VVFJC20N8EFSYYV08NOR2P5EPA5UE0PIWRDV9UNAH5MEXWNDCUJW651HCJ2UF8UK49XRC5JSGMBQ270RPUFRWJXSOG912K7YE85OTXGVE5GNM5MPGN5Q WBCTD9NSHT7RYYX Q5WISOF0UYSPQVJMS5Y BKAA1OYSY6QCCVRP4GITQFYPBYUXTM9KS57U2DC9XFLUK1INWQGKGTWEX7N8PIRT94B2 XYC4FHQ9E067A1WWFRHC0 YOVMT4');

insert into card (card_id, student_id, activation_date, card_status, resource_name) values (10, 3, '605-1-28', 10, 'IC18SBEXOXYE7B1JH3X4CXEN6QILJBKSS9P2XRJKJUFG6UYDOX 4S75SYGAMVD CY8LPBXKPY32IALC660FKODXPAGNDHA 6N5AJJTAOCOE2UXFOOI0HF4RWXW2ANU4U0LLXIR36NQ9D9HPORKA022RTS1PG74O4532RJ91WKPVBO2CA4NV2RQWMR3 V5NXGYGFXW4TXC8T4FRM1F5LX1IP13DOHIHCOF2PG37PBP7GCGX0VGW7YTDNRXN84K89');

insert into card (card_id, student_id, activation_date, card_status, resource_name) values (17, 19, '408-12-11', 1, 'QM7VNPVMM362SA5VPPOO1G8M3RDXQXHNPBSSWXF1 22RESYO084SM5EREMSHYKMJS32U3OEF95WMMLU73SXLPCYDTRQHWDU1PPCAQ7AI3DNV 47PWCT9YGYX718V2TO1X2 V9BB13KQMCJLU92IBR7E05 SMGF0BLWDKXNDO36CCPXSCD9FKV VUHR1 YOFL7QDI4YRJ7389C3JC25YYAFFF91AOGCR8UB9YP5BHTOSFSYTJX Q26NJY0 5IC1N');

insert into card (card_id, student_id, activation_date, card_status, resource_name) values (14, 16, '1-1-1', 9, '9YOT0 16CLJP0TKF01M18VSW6UEY1WPV83H2RLNTDR3IUHV2LBHO38SCS6UWSK10OJ7 QS9Y98Y6EWJQFEKMGF08P3HNY24FPDFO3VDVAOBCK67XVCA6O6NWU6 FV6JUUCDFFL7OYB834NHC09ODRW2XTDGWEGV5D1T7OE2CB8IN SBXBDEHDT42EJDPQDC4TP5FG5X0JSNXGTAH PLLCWSHMN4H4SSK473Y37FJPLVE3DVIWTJU DAPKNP6DU0');

insert into card (card_id, student_id, activation_date, card_status, resource_name) values (7, 3, '800-9-12', 6, 'IN4069QHWRA5B0IA40L29XE T0K9IWSC2L8PPVEAFO7B3P124DB56 DOGSOSF20H37IQBG0JJ1471H2SKI0MKD5T8WKSJ9UNJEJQ95PE7ISD4XB CNK3QC YMHI7BT9Y2 0JUHNMRLI BUM3 33U76N78FM40PV HM7K5RC1A MOMVUI6 6 KX8A074WLRS62XI9BB4K32I1IUR1UPYLOLSRC6J96EJ8BO1PLQO1 CH0N34I6VJ8C8M6Y6 XDRE');

insert into card (card_id, student_id, activation_date, card_status, resource_name) values (15, 15, '1902-12-30', 0, 'CBEVDKD6EHU9 S64FG4PSNDYSWUCPSOI6D TQOXEH1OGFF19SS041F8CUF HE54DB6IO3X54C6MEGFBBC05 0GFNVKHEUU9CKES4OMH7SBQ772LHHT9NO1995UB55 7OI8PBU0XHR6FLEPRTSFPRU46FI280M2FQF1M XKGYDTWXQHL5EX8LA39JN12W1BXS 7SPUXF4GX5AQ2TPNIP023GNDNE3LSWGO1OQ544B1DMEWKKWVD40LGOGI71AFSJ');

insert into card (card_id, student_id, activation_date, card_status, resource_name) values (8, 4, '1219-3-28', 5, 'KCQ4W5 XLHCD7RALTCYAU3Q35Q52D C69BWHL2BSLET2AF 0TG7JWF9LME0LQDTQYVIDGE6DEGSIW3MIW658VI3766SLXSLGC5BG3MWB PPWM92GH7HB1NXBTNYXI4LEG93I0CWNL 5O50XHD6TFDK2N9S8476NMYNV2H4RHRLRARL4FMLE5OU4RFYO7PU 7BYXP8QSIDWP2FKSCCVHX1C7611KDL6WE8GADYVXT3ODQJHH81S33HLRUHOG1KFV');

insert into card (card_id, student_id, activation_date, card_status, resource_name) values (16, 1, '961-9-26', 19, 'BAVPXFVNQLX0 9V5Y24FD4SQ4DKQQNPYCD6OTL04SELHYOC54OT63YWKDWMHFNOUVSGW6EXELMFJ3CTOY0SUHEDWUR XA3OD4Y6AINA8 EY0V1BS  RR2S57A56P035UCQ8D3D4HOTMK223ALQ2YPHVDP931FWCCIOL4OFY0BPY7NIUPJ62F1W95HLVN5O QMP1K4 01UGQI8P8KKQQLUEEGAWF6KMF5D9K1STXG0Y3P5VKVPEO74YOKTVW7QDX');

insert into card (card_id, student_id, activation_date, card_status, resource_name) values (9, 18, '1356-2-8', 12, 'IDCP4HAGLN91NVQNSE24OT20QPTO2BAFTGC5BAESWQO JKVAQN3M738F68DJSHIKCGVU490  GS73IFY7IG66NXAY771RQQM8BSDCCGA6V 9D37SWPJM1PGKW14RCY5BPKA6A8LHM T0 SFD8I0QY0 HGORNW0I48A0JQIKJ9EP30682UDAIEH6J7A0WS18TAQXALMYXEM18M1SHC YEOGTL15NKCIRF1UBC V7MF T3AKECMT0H2AJFUDUORI3');

insert into card (card_id, student_id, activation_date, card_status, resource_name) values (6, 13, '278-1-27', 18, 'Y1UVL719HVM4MWID0E2F2NDLU8C2EFFQT XY9 S56LP42X4GIDNIRK1FGPLCC5760IWFGQAI8IWYN2XX2UPCYCAI8AQIUTQ7OJ3MCR2M8OCPXVQECUUYLV34HMX ONM6BT16GAW1YMJJ8 FW8HXT2V8CT6QLMLRTDQP8EX0H42E65MRV7VSBWH3BJ 558BSVG6 B30TRY1MX Q63WDVOBKLIUTK17F36G0TOC1DHG58R5EKS5M6UW1JMXGR5D8G');

insert into card (card_id, student_id, activation_date, card_status, resource_name) values (12, 18, '1044-10-23', 15, 'PLO91VVFJC20N8EFSYYV08NOR2P5EPA5UE0PIWRDV9UNAH5MEXWNDCUJW651HCJ2UF8UK49XRC5JSGMBQ270RPUFRWJXSOG912K7YE85OTXGVE5GNM5MPGN5Q WBCTD9NSHT7RYYX Q5WISOF0UYSPQVJMS5Y BKAA1OYSY6QCCVRP4GITQFYPBYUXTM9KS57U2DC9XFLUK1INWQGKGTWEX7N8PIRT94B2 XYC4FHQ9E067A1WWFRHC0 YOVMT4');

insert into card (card_id, student_id, activation_date, card_status, resource_name) values (13, 17, '1599-11-28', 3, 'IC18SBEXOXYE7B1JH3X4CXEN6QILJBKSS9P2XRJKJUFG6UYDOX 4S75SYGAMVD CY8LPBXKPY32IALC660FKODXPAGNDHA 6N5AJJTAOCOE2UXFOOI0HF4RWXW2ANU4U0LLXIR36NQ9D9HPORKA022RTS1PG74O4532RJ91WKPVBO2CA4NV2RQWMR3 V5NXGYGFXW4TXC8T4FRM1F5LX1IP13DOHIHCOF2PG37PBP7GCGX0VGW7YTDNRXN84K89');

insert into card (card_id, student_id, activation_date, card_status, resource_name) values (5, 19, '1441-2-13', 14, 'QM7VNPVMM362SA5VPPOO1G8M3RDXQXHNPBSSWXF1 22RESYO084SM5EREMSHYKMJS32U3OEF95WMMLU73SXLPCYDTRQHWDU1PPCAQ7AI3DNV 47PWCT9YGYX718V2TO1X2 V9BB13KQMCJLU92IBR7E05 SMGF0BLWDKXNDO36CCPXSCD9FKV VUHR1 YOFL7QDI4YRJ7389C3JC25YYAFFF91AOGCR8UB9YP5BHTOSFSYTJX Q26NJY0 5IC1N');

insert into card (card_id, student_id, activation_date, card_status, resource_name) values (18, 9, '1706-7-24', 4, '9YOT0 16CLJP0TKF01M18VSW6UEY1WPV83H2RLNTDR3IUHV2LBHO38SCS6UWSK10OJ7 QS9Y98Y6EWJQFEKMGF08P3HNY24FPDFO3VDVAOBCK67XVCA6O6NWU6 FV6JUUCDFFL7OYB834NHC09ODRW2XTDGWEGV5D1T7OE2CB8IN SBXBDEHDT42EJDPQDC4TP5FG5X0JSNXGTAH PLLCWSHMN4H4SSK473Y37FJPLVE3DVIWTJU DAPKNP6DU0');

insert into card (card_id, student_id, activation_date, card_status, resource_name) values (3, 9, '190-5-3', 2, 'IN4069QHWRA5B0IA40L29XE T0K9IWSC2L8PPVEAFO7B3P124DB56 DOGSOSF20H37IQBG0JJ1471H2SKI0MKD5T8WKSJ9UNJEJQ95PE7ISD4XB CNK3QC YMHI7BT9Y2 0JUHNMRLI BUM3 33U76N78FM40PV HM7K5RC1A MOMVUI6 6 KX8A074WLRS62XI9BB4K32I1IUR1UPYLOLSRC6J96EJ8BO1PLQO1 CH0N34I6VJ8C8M6Y6 XDRE');

insert into card (card_id, student_id, activation_date, card_status, resource_name) values (4, 4, '605-1-28', 17, 'CBEVDKD6EHU9 S64FG4PSNDYSWUCPSOI6D TQOXEH1OGFF19SS041F8CUF HE54DB6IO3X54C6MEGFBBC05 0GFNVKHEUU9CKES4OMH7SBQ772LHHT9NO1995UB55 7OI8PBU0XHR6FLEPRTSFPRU46FI280M2FQF1M XKGYDTWXQHL5EX8LA39JN12W1BXS 7SPUXF4GX5AQ2TPNIP023GNDNE3LSWGO1OQ544B1DMEWKKWVD40LGOGI71AFSJ');

insert into book_publisher (ISBN, publisher_id) values (7, 13);

insert into book_publisher (ISBN, publisher_id) values (18, 5);

insert into book_publisher (ISBN, publisher_id) values (2, 8);

insert into book_publisher (ISBN, publisher_id) values (9, 18);

insert into book_publisher (ISBN, publisher_id) values (7, 10);

insert into book_publisher (ISBN, publisher_id) values (10, 1);

insert into book_publisher (ISBN, publisher_id) values (3, 14);

insert into book_publisher (ISBN, publisher_id) values (6, 16);

insert into book_publisher (ISBN, publisher_id) values (5, 0);

insert into book_publisher (ISBN, publisher_id) values (12, 1);

insert into book_publisher (ISBN, publisher_id) values (19, 10);

insert into book_publisher (ISBN, publisher_id) values (9, 16);

insert into book_publisher (ISBN, publisher_id) values (13, 18);

insert into book_publisher (ISBN, publisher_id) values (6, 18);

insert into book_publisher (ISBN, publisher_id) values (0, 18);

insert into book_publisher (ISBN, publisher_id) values (15, 19);

insert into book_publisher (ISBN, publisher_id) values (13, 11);

insert into book_publisher (ISBN, publisher_id) values (14, 16);

insert into book_publisher (ISBN, publisher_id) values (4, 12);

insert into book_publisher (ISBN, publisher_id) values (1, 13);

insert into book_author (ISBN, author_id) values (4, 12);

insert into book_author (ISBN, author_id) values (18, 10);

insert into book_author (ISBN, author_id) values (11, 11);

insert into book_author (ISBN, author_id) values (11, 8);

insert into book_author (ISBN, author_id) values (7, 19);

insert into book_author (ISBN, author_id) values (1, 6);

insert into book_author (ISBN, author_id) values (19, 14);

insert into book_author (ISBN, author_id) values (10, 14);

insert into book_author (ISBN, author_id) values (13, 16);

insert into book_author (ISBN, author_id) values (10, 19);

insert into book_author (ISBN, author_id) values (0, 16);

insert into book_author (ISBN, author_id) values (3, 17);

insert into book_author (ISBN, author_id) values (0, 19);

insert into book_author (ISBN, author_id) values (4, 18);

insert into book_author (ISBN, author_id) values (3, 14);

insert into book_author (ISBN, author_id) values (4, 14);

insert into book_author (ISBN, author_id) values (2, 6);

insert into book_author (ISBN, author_id) values (13, 15);

insert into book_author (ISBN, author_id) values (3, 13);

insert into book_author (ISBN, author_id) values (13, 17);

insert into borrow (borrow_id, card_id, copy_id, borrow_status, date_borrowed, date_due, date_returned) values (2, 1, 12, 18, '447-3-1', '168-9-29', '');

insert into borrow (borrow_id, card_id, copy_id, borrow_status, date_borrowed, date_due, date_returned) values (9, 2, 6, 12, '1198-12-30', '1277-11-7', '922-1-15');

insert into borrow (borrow_id, card_id, copy_id, borrow_status, date_borrowed, date_due, date_returned) values (0, 18, 8, 5, '907-1-13', '406-5-22', '693-11-20');

insert into borrow (borrow_id, card_id, copy_id, borrow_status, date_borrowed, date_due, date_returned) values (3, 7, 12, 0, '1-1-1', '1158-12-23', '');

insert into borrow (borrow_id, card_id, copy_id, borrow_status, date_borrowed, date_due, date_returned) values (11, 15, 8, 13, '699-2-2', '1417-7-4', '1617-5-24');

insert into borrow (borrow_id, card_id, copy_id, borrow_status, date_borrowed, date_due, date_returned) values (5, 14, 16, 10, '223-6-9', '593-11-27', '301-8-2');

insert into borrow (borrow_id, card_id, copy_id, borrow_status, date_borrowed, date_due, date_returned) values (8, 17, 0, 19, '1688-5-12', '906-12-16', '1-1-1');

insert into borrow (borrow_id, card_id, copy_id, borrow_status, date_borrowed, date_due, date_returned) values (17, 1, 14, 9, '1415-3-1', '771-11-16', '1447-9-24');

insert into borrow (borrow_id, card_id, copy_id, borrow_status, date_borrowed, date_due, date_returned) values (4, 15, 17, 11, '1092-8-23', '1-1-1', '1291-1-13');

insert into borrow (borrow_id, card_id, copy_id, borrow_status, date_borrowed, date_due, date_returned) values (1, 17, 7, 15, '563-6-1', '271-5-7', '922-1-15');

insert into borrow (borrow_id, card_id, copy_id, borrow_status, date_borrowed, date_due, date_returned) values (18, 9, 17, 1, '447-3-1', '168-9-29', '693-11-20');

insert into borrow (borrow_id, card_id, copy_id, borrow_status, date_borrowed, date_due, date_returned) values (14, 3, 7, 2, '1198-12-30', '1277-11-7', '');

insert into borrow (borrow_id, card_id, copy_id, borrow_status, date_borrowed, date_due, date_returned) values (12, 19, 17, 4, '907-1-13', '406-5-22', '1617-5-24');

insert into borrow (borrow_id, card_id, copy_id, borrow_status, date_borrowed, date_due, date_returned) values (10, 11, 7, 3, '1-1-1', '1158-12-23', '301-8-2');

insert into borrow (borrow_id, card_id, copy_id, borrow_status, date_borrowed, date_due, date_returned) values (7, 7, 12, 8, '699-2-2', '1417-7-4', '1-1-1');

insert into borrow (borrow_id, card_id, copy_id, borrow_status, date_borrowed, date_due, date_returned) values (6, 15, 7, 16, '223-6-9', '593-11-27', '1447-9-24');

insert into borrow (borrow_id, card_id, copy_id, borrow_status, date_borrowed, date_due, date_returned) values (16, 11, 3, 7, '1688-5-12', '906-12-16', '1291-1-13');

insert into borrow (borrow_id, card_id, copy_id, borrow_status, date_borrowed, date_due, date_returned) values (19, 15, 19, 14, '1415-3-1', '771-11-16', '922-1-15');

insert into borrow (borrow_id, card_id, copy_id, borrow_status, date_borrowed, date_due, date_returned) values (13, 10, 3, 17, '1092-8-23', '1-1-1', '');

insert into borrow (borrow_id, card_id, copy_id, borrow_status, date_borrowed, date_due, date_returned) values (15, 11, 14, 6, '563-6-1', '271-5-7', '');

